"repository","format","key","species","date","time","user_name","country","locality","latitude","longitude","file_url","file_extension","observation_url"
"iNaturalist","image","377177461","Lontra provocax","2016-01-02","04:36","Pekenche",NA,"-39.6565711875,-73.1994630266",-39.6565711875,-73.1994630266,"https://inaturalist-open-data.s3.amazonaws.com/photos/689699507/original.jpg","jpeg","https://www.inaturalist.org/observations/377177461"
"iNaturalist","image","371985050","Lontra provocax","2026-02-03","15:04","Lucas Illanes",NA,"-45.0377732312,-74.1210677179",-45.0377732312,-74.1210677179,"https://inaturalist-open-data.s3.amazonaws.com/photos/679691920/original.jpg","jpeg","https://www.inaturalist.org/observations/371985050"
"iNaturalist","image","371985050","Lontra provocax","2026-02-03","15:04","Lucas Illanes",NA,"-45.0377732312,-74.1210677179",-45.0377732312,-74.1210677179,"https://inaturalist-open-data.s3.amazonaws.com/photos/679692249/original.jpg","jpeg","https://www.inaturalist.org/observations/371985050"
"iNaturalist","image","371985050","Lontra provocax","2026-02-03","15:04","Lucas Illanes",NA,"-45.0377732312,-74.1210677179",-45.0377732312,-74.1210677179,"https://inaturalist-open-data.s3.amazonaws.com/photos/679692330/original.jpg","jpeg","https://www.inaturalist.org/observations/371985050"
"iNaturalist","image","371985050","Lontra provocax","2026-02-03","15:04","Lucas Illanes",NA,"-45.0377732312,-74.1210677179",-45.0377732312,-74.1210677179,"https://inaturalist-open-data.s3.amazonaws.com/photos/679692511/original.jpg","jpeg","https://www.inaturalist.org/observations/371985050"
"iNaturalist","image","371985050","Lontra provocax","2026-02-03","15:04","Lucas Illanes",NA,"-45.0377732312,-74.1210677179",-45.0377732312,-74.1210677179,"https://inaturalist-open-data.s3.amazonaws.com/photos/679692655/original.jpg","jpeg","https://www.inaturalist.org/observations/371985050"
"iNaturalist","image","369538820","Lontra provocax","2013-03-18","19:10","Wildlife_gem",NA,"-42.6882385045,-73.8645729856",-42.6882385045,-73.8645729856,"https://inaturalist-open-data.s3.amazonaws.com/photos/675017249/original.jpg","jpeg","https://www.inaturalist.org/observations/369538820"
"iNaturalist","image","369538820","Lontra provocax","2013-03-18","19:10","Wildlife_gem",NA,"-42.6882385045,-73.8645729856",-42.6882385045,-73.8645729856,"https://inaturalist-open-data.s3.amazonaws.com/photos/675017326/original.jpg","jpeg","https://www.inaturalist.org/observations/369538820"
"iNaturalist","image","369538142","Lontra provocax","2013-03-18","16:33","Wildlife_gem",NA,"-42.646202957,-73.8952656294",-42.646202957,-73.8952656294,"https://inaturalist-open-data.s3.amazonaws.com/photos/675015104/original.jpg","jpeg","https://www.inaturalist.org/observations/369538142"
"iNaturalist","image","369538142","Lontra provocax","2013-03-18","16:33","Wildlife_gem",NA,"-42.646202957,-73.8952656294",-42.646202957,-73.8952656294,"https://inaturalist-open-data.s3.amazonaws.com/photos/675015165/original.jpg","jpeg","https://www.inaturalist.org/observations/369538142"
"iNaturalist","image","361190065","Lontra provocax","2006-02-10","11:36","Jpollpeter",NA,"-6.2374837552,-76.0514241754",-6.2374837552,-76.0514241754,"https://inaturalist-open-data.s3.amazonaws.com/photos/659150808/original.jpg","jpeg","https://www.inaturalist.org/observations/361190065"
"iNaturalist","image","348701648","Lontra provocax","2026-04-10","08:35","Francisco Castro Carmona",NA,"-41.2980584807,-72.5552365349",-41.2980584807,-72.5552365349,"https://inaturalist-open-data.s3.amazonaws.com/photos/636000978/original.jpg","jpeg","https://www.inaturalist.org/observations/348701648"
"iNaturalist","image","348425113","Lontra provocax","2026-04-08","22:07","Pirihuin.",NA,"-42.4166513681,-74.0074693688",-42.4166513681,-74.0074693688,"https://inaturalist-open-data.s3.amazonaws.com/photos/635447364/original.jpg","jpeg","https://www.inaturalist.org/observations/348425113"
"iNaturalist","image","345185212","Lontra provocax","2026-03-10","19:25","Biodiversidad _de_chile",NA,"-42.6199669106,-74.1193743679",-42.6199669106,-74.1193743679,"https://static.inaturalist.org/photos/629031879/original.jpg","jpeg","https://www.inaturalist.org/observations/345185212"
"iNaturalist","image","345185212","Lontra provocax","2026-03-10","19:25","Biodiversidad _de_chile",NA,"-42.6199669106,-74.1193743679",-42.6199669106,-74.1193743679,"https://static.inaturalist.org/photos/629031904/original.jpg","jpeg","https://www.inaturalist.org/observations/345185212"
"iNaturalist","image","344551492","Lontra provocax","2026-02-25","10:29","Joaquín Israel",NA,"-42.4429163173,-73.9722879779",-42.4429163173,-73.9722879779,"https://inaturalist-open-data.s3.amazonaws.com/photos/627805028/original.jpg","jpeg","https://www.inaturalist.org/observations/344551492"
"iNaturalist","image","344551492","Lontra provocax","2026-02-25","10:29","Joaquín Israel",NA,"-42.4429163173,-73.9722879779",-42.4429163173,-73.9722879779,"https://inaturalist-open-data.s3.amazonaws.com/photos/627805016/original.jpg","jpeg","https://www.inaturalist.org/observations/344551492"
"iNaturalist","image","344551492","Lontra provocax","2026-02-25","10:29","Joaquín Israel",NA,"-42.4429163173,-73.9722879779",-42.4429163173,-73.9722879779,"https://inaturalist-open-data.s3.amazonaws.com/photos/627805024/original.jpg","jpeg","https://www.inaturalist.org/observations/344551492"
"iNaturalist","image","341244776","Lontra provocax","2026-02-25","10:36","Samantha Ramírez",NA,"-42.4224005339,-73.9073920411",-42.4224005339,-73.9073920411,"https://inaturalist-open-data.s3.amazonaws.com/photos/621169424/original.jpg","jpeg","https://www.inaturalist.org/observations/341244776"
"iNaturalist","image","341244776","Lontra provocax","2026-02-25","10:36","Samantha Ramírez",NA,"-42.4224005339,-73.9073920411",-42.4224005339,-73.9073920411,"https://inaturalist-open-data.s3.amazonaws.com/photos/621169431/original.jpg","jpeg","https://www.inaturalist.org/observations/341244776"
"iNaturalist","image","341244776","Lontra provocax","2026-02-25","10:36","Samantha Ramírez",NA,"-42.4224005339,-73.9073920411",-42.4224005339,-73.9073920411,"https://inaturalist-open-data.s3.amazonaws.com/photos/621169443/original.jpg","jpeg","https://www.inaturalist.org/observations/341244776"
"iNaturalist","image","338643561","Lontra provocax","2026-02-04","18:00","Joaquín Israel",NA,"-42.6543186676,-73.8672741019",-42.6543186676,-73.8672741019,"https://inaturalist-open-data.s3.amazonaws.com/photos/615882191/original.jpg","jpeg","https://www.inaturalist.org/observations/338643561"
"iNaturalist","image","338643561","Lontra provocax","2026-02-04","18:00","Joaquín Israel",NA,"-42.6543186676,-73.8672741019",-42.6543186676,-73.8672741019,"https://inaturalist-open-data.s3.amazonaws.com/photos/615882197/original.jpg","jpeg","https://www.inaturalist.org/observations/338643561"
"iNaturalist","image","338643561","Lontra provocax","2026-02-04","18:00","Joaquín Israel",NA,"-42.6543186676,-73.8672741019",-42.6543186676,-73.8672741019,"https://inaturalist-open-data.s3.amazonaws.com/photos/615882199/original.jpg","jpeg","https://www.inaturalist.org/observations/338643561"
"iNaturalist","image","336949095","Lontra provocax",NA,NA,"Guardaparques Isla Municipal",NA,"-38.9641566171,-72.6517284087",-38.9641566171,-72.6517284087,"https://static.inaturalist.org/photos/612420057/original.jpg","jpeg","https://www.inaturalist.org/observations/336949095"
"iNaturalist","image","335772793","Lontra provocax","2026-01-12","14:56","Anita Schmid",NA,"-42.1665396833,-73.929315378",-42.1665396833,-73.929315378,"https://static.inaturalist.org/photos/610046566/original.jpg","jpeg","https://www.inaturalist.org/observations/335772793"
"iNaturalist","image","335721465","Lontra provocax","2025-10-31","15:28","Joaquín Israel",NA,"-42.0180502163,-73.8149564778",-42.0180502163,-73.8149564778,"https://inaturalist-open-data.s3.amazonaws.com/photos/609944067/original.jpg","jpeg","https://www.inaturalist.org/observations/335721465"
"iNaturalist","image","335721465","Lontra provocax","2025-10-31","15:28","Joaquín Israel",NA,"-42.0180502163,-73.8149564778",-42.0180502163,-73.8149564778,"https://inaturalist-open-data.s3.amazonaws.com/photos/609944042/original.jpg","jpeg","https://www.inaturalist.org/observations/335721465"
"iNaturalist","image","335721465","Lontra provocax","2025-10-31","15:28","Joaquín Israel",NA,"-42.0180502163,-73.8149564778",-42.0180502163,-73.8149564778,"https://inaturalist-open-data.s3.amazonaws.com/photos/609944075/original.jpg","jpeg","https://www.inaturalist.org/observations/335721465"
"iNaturalist","image","335721465","Lontra provocax","2025-10-31","15:28","Joaquín Israel",NA,"-42.0180502163,-73.8149564778",-42.0180502163,-73.8149564778,"https://inaturalist-open-data.s3.amazonaws.com/photos/609944076/original.jpg","jpeg","https://www.inaturalist.org/observations/335721465"
"iNaturalist","image","335721462","Lontra provocax","2025-10-31","14:41","Joaquín Israel",NA,"-42.0977410969,-73.8184182922",-42.0977410969,-73.8184182922,"https://inaturalist-open-data.s3.amazonaws.com/photos/609944041/original.jpg","jpeg","https://www.inaturalist.org/observations/335721462"
"iNaturalist","image","335721462","Lontra provocax","2025-10-31","14:41","Joaquín Israel",NA,"-42.0977410969,-73.8184182922",-42.0977410969,-73.8184182922,"https://inaturalist-open-data.s3.amazonaws.com/photos/609944043/original.jpg","jpeg","https://www.inaturalist.org/observations/335721462"
"iNaturalist","image","331917607","Lontra provocax",NA,NA,"Martin Pfingsthorn",NA,"-42.8505436005,-73.809554211",-42.8505436005,-73.809554211,"https://inaturalist-open-data.s3.amazonaws.com/photos/602243776/original.jpg","jpeg","https://www.inaturalist.org/observations/331917607"
"iNaturalist","image","331917603","Lontra provocax",NA,NA,"Martin Pfingsthorn",NA,"-42.68955357,-73.9915991939",-42.68955357,-73.9915991939,"https://inaturalist-open-data.s3.amazonaws.com/photos/602242450/original.jpg","jpeg","https://www.inaturalist.org/observations/331917603"
"iNaturalist","image","331917599","Lontra provocax",NA,NA,"Martin Pfingsthorn",NA,"-42.650156828,-73.8560596352",-42.650156828,-73.8560596352,"https://inaturalist-open-data.s3.amazonaws.com/photos/602242613/original.jpg","jpeg","https://www.inaturalist.org/observations/331917599"
"iNaturalist","image","331917588","Lontra provocax",NA,NA,"Martin Pfingsthorn",NA,"-42.4648473003,-73.7935301944",-42.4648473003,-73.7935301944,"https://static.inaturalist.org/photos/602241668/original.jpg","jpeg","https://www.inaturalist.org/observations/331917588"
"iNaturalist","image","331176839","Lontra provocax","2017-03-15","18:38","Pierre Malan",NA,"-55.9401231821,-67.3495980376",-55.9401231821,-67.3495980376,"https://inaturalist-open-data.s3.amazonaws.com/photos/600720920/original.jpg","jpeg","https://www.inaturalist.org/observations/331176839"
"iNaturalist","image","329772757","Lontra provocax","2025-12-06","16:57","Ol Whaley",NA,"-41.1941671078,-72.5921620091",-41.1941671078,-72.5921620091,"https://static.inaturalist.org/photos/597838515/original.jpg","jpeg","https://www.inaturalist.org/observations/329772757"
"iNaturalist","image","329772757","Lontra provocax","2025-12-06","16:57","Ol Whaley",NA,"-41.1941671078,-72.5921620091",-41.1941671078,-72.5921620091,"https://static.inaturalist.org/photos/597838582/original.jpg","jpeg","https://www.inaturalist.org/observations/329772757"
"iNaturalist","image","329772757","Lontra provocax","2025-12-06","16:57","Ol Whaley",NA,"-41.1941671078,-72.5921620091",-41.1941671078,-72.5921620091,"https://static.inaturalist.org/photos/597838626/original.jpg","jpeg","https://www.inaturalist.org/observations/329772757"
"iNaturalist","image","327003111","Lontra provocax","2025-02-15","07:50","Katherine Sanhueza Bravo",NA,"-42.786978274,-73.9501270049",-42.786978274,-73.9501270049,"https://inaturalist-open-data.s3.amazonaws.com/photos/592343044/original.jpg","jpeg","https://www.inaturalist.org/observations/327003111"
"iNaturalist","image","326268785","Lontra provocax","2025-11-12","14:12","Carlos Muñoz",NA,"-42.5442442112,-72.5212835693",-42.5442442112,-72.5212835693,"https://inaturalist-open-data.s3.amazonaws.com/photos/590881788/original.jpg","jpeg","https://www.inaturalist.org/observations/326268785"
"iNaturalist","image","326027588","Lontra provocax","2025-11-02","14:57","Samantha Ramírez",NA,NA,NA,NA,"https://inaturalist-open-data.s3.amazonaws.com/photos/590400496/original.jpg","jpeg","https://www.inaturalist.org/observations/326027588"
"iNaturalist","image","326027588","Lontra provocax","2025-11-02","14:57","Samantha Ramírez",NA,NA,NA,NA,"https://inaturalist-open-data.s3.amazonaws.com/photos/590400536/original.jpg","jpeg","https://www.inaturalist.org/observations/326027588"
"iNaturalist","image","326027588","Lontra provocax","2025-11-02","14:57","Samantha Ramírez",NA,NA,NA,NA,"https://inaturalist-open-data.s3.amazonaws.com/photos/590400561/original.jpg","jpeg","https://www.inaturalist.org/observations/326027588"
"iNaturalist","image","326027588","Lontra provocax","2025-11-02","14:57","Samantha Ramírez",NA,NA,NA,NA,"https://inaturalist-open-data.s3.amazonaws.com/photos/590400588/original.jpg","jpeg","https://www.inaturalist.org/observations/326027588"
"iNaturalist","image","326027588","Lontra provocax","2025-11-02","14:57","Samantha Ramírez",NA,NA,NA,NA,"https://inaturalist-open-data.s3.amazonaws.com/photos/590400617/original.jpg","jpeg","https://www.inaturalist.org/observations/326027588"
"iNaturalist","image","326027588","Lontra provocax","2025-11-02","14:57","Samantha Ramírez",NA,NA,NA,NA,"https://inaturalist-open-data.s3.amazonaws.com/photos/590400651/original.jpg","jpeg","https://www.inaturalist.org/observations/326027588"
"iNaturalist","image","326027588","Lontra provocax","2025-11-02","14:57","Samantha Ramírez",NA,NA,NA,NA,"https://inaturalist-open-data.s3.amazonaws.com/photos/590400689/original.jpg","jpeg","https://www.inaturalist.org/observations/326027588"
"iNaturalist","image","323949308","Lontra provocax","2024-12-23","20:37","Daniel Caripan",NA,"-41.2178913356,-73.1382261964",-41.2178913356,-73.1382261964,"https://inaturalist-open-data.s3.amazonaws.com/photos/586248225/original.jpg","jpeg","https://www.inaturalist.org/observations/323949308"
"iNaturalist","image","323949308","Lontra provocax","2024-12-23","20:37","Daniel Caripan",NA,"-41.2178913356,-73.1382261964",-41.2178913356,-73.1382261964,"https://inaturalist-open-data.s3.amazonaws.com/photos/586248226/original.jpg","jpeg","https://www.inaturalist.org/observations/323949308"
"iNaturalist","image","323949308","Lontra provocax","2024-12-23","20:37","Daniel Caripan",NA,"-41.2178913356,-73.1382261964",-41.2178913356,-73.1382261964,"https://inaturalist-open-data.s3.amazonaws.com/photos/586248224/original.jpg","jpeg","https://www.inaturalist.org/observations/323949308"
"iNaturalist","image","323949308","Lontra provocax","2024-12-23","20:37","Daniel Caripan",NA,"-41.2178913356,-73.1382261964",-41.2178913356,-73.1382261964,"https://inaturalist-open-data.s3.amazonaws.com/photos/586248228/original.jpg","jpeg","https://www.inaturalist.org/observations/323949308"
"iNaturalist","image","323949308","Lontra provocax","2024-12-23","20:37","Daniel Caripan",NA,"-41.2178913356,-73.1382261964",-41.2178913356,-73.1382261964,"https://inaturalist-open-data.s3.amazonaws.com/photos/586248229/original.jpg","jpeg","https://www.inaturalist.org/observations/323949308"
"iNaturalist","image","323895374","Lontra provocax","2025-10-29","14:29","Jeffrey H. Skevington",NA,"-50.8975367364,-73.7994902805",-50.8975367364,-73.7994902805,"https://inaturalist-open-data.s3.amazonaws.com/photos/586138228/original.jpg","jpeg","https://www.inaturalist.org/observations/323895374"
"iNaturalist","image","323895374","Lontra provocax","2025-10-29","14:29","Jeffrey H. Skevington",NA,"-50.8975367364,-73.7994902805",-50.8975367364,-73.7994902805,"https://inaturalist-open-data.s3.amazonaws.com/photos/586138312/original.jpg","jpeg","https://www.inaturalist.org/observations/323895374"
"iNaturalist","image","323895374","Lontra provocax","2025-10-29","14:29","Jeffrey H. Skevington",NA,"-50.8975367364,-73.7994902805",-50.8975367364,-73.7994902805,"https://inaturalist-open-data.s3.amazonaws.com/photos/586138225/original.jpg","jpeg","https://www.inaturalist.org/observations/323895374"
"iNaturalist","image","322793788","Lontra provocax","2025-10-22","08:58","Richard Hasegawa",NA,"-42.6917405184,-74.0703574833",-42.6917405184,-74.0703574833,"https://inaturalist-open-data.s3.amazonaws.com/photos/584001868/original.jpg","jpeg","https://www.inaturalist.org/observations/322793788"
"iNaturalist","image","322793788","Lontra provocax","2025-10-22","08:58","Richard Hasegawa",NA,"-42.6917405184,-74.0703574833",-42.6917405184,-74.0703574833,"https://inaturalist-open-data.s3.amazonaws.com/photos/584001952/original.jpg","jpeg","https://www.inaturalist.org/observations/322793788"
"iNaturalist","image","322793788","Lontra provocax","2025-10-22","08:58","Richard Hasegawa",NA,"-42.6917405184,-74.0703574833",-42.6917405184,-74.0703574833,"https://inaturalist-open-data.s3.amazonaws.com/photos/584002025/original.jpg","jpeg","https://www.inaturalist.org/observations/322793788"
"iNaturalist","image","320735791","Lontra provocax",NA,NA,"Dani Cuevas Olivares",NA,"-42.9517483971,-73.6718998008",-42.9517483971,-73.6718998008,"https://inaturalist-open-data.s3.amazonaws.com/photos/579948489/original.jpg","jpeg","https://www.inaturalist.org/observations/320735791"
"iNaturalist","image","320735791","Lontra provocax",NA,NA,"Dani Cuevas Olivares",NA,"-42.9517483971,-73.6718998008",-42.9517483971,-73.6718998008,"https://inaturalist-open-data.s3.amazonaws.com/photos/579948519/original.jpg","jpeg","https://www.inaturalist.org/observations/320735791"
"iNaturalist","image","318625436","Lontra provocax","2025-10-01","05:41","Yerko Lloncon",NA,"-39.4403957433,-72.084573118",-39.4403957433,-72.084573118,"https://inaturalist-open-data.s3.amazonaws.com/photos/575882376/original.jpg","jpeg","https://www.inaturalist.org/observations/318625436"
"iNaturalist","image","318094426","Lontra provocax","2023-09-20","14:47","Manuel Alejandro Henríquez",NA,"-42.6077697216,-74.1437728672",-42.6077697216,-74.1437728672,"https://inaturalist-open-data.s3.amazonaws.com/photos/574844234/original.jpg","jpeg","https://www.inaturalist.org/observations/318094426"
"iNaturalist","image","318094426","Lontra provocax","2023-09-20","14:47","Manuel Alejandro Henríquez",NA,"-42.6077697216,-74.1437728672",-42.6077697216,-74.1437728672,"https://inaturalist-open-data.s3.amazonaws.com/photos/574844264/original.jpg","jpeg","https://www.inaturalist.org/observations/318094426"
"iNaturalist","image","315554257","Lontra provocax","2020-10-11","20:11","Eduardo Silva-Rodríguez",NA,"-39.9372325857,-73.3967588767",-39.9372325857,-73.3967588767,"https://inaturalist-open-data.s3.amazonaws.com/photos/570035650/original.jpg","jpeg","https://www.inaturalist.org/observations/315554257"
"iNaturalist","image","315554257","Lontra provocax","2020-10-11","20:11","Eduardo Silva-Rodríguez",NA,"-39.9372325857,-73.3967588767",-39.9372325857,-73.3967588767,"https://inaturalist-open-data.s3.amazonaws.com/photos/570051351/original.jpg","jpeg","https://www.inaturalist.org/observations/315554257"
"iNaturalist","image","315554257","Lontra provocax","2020-10-11","20:11","Eduardo Silva-Rodríguez",NA,"-39.9372325857,-73.3967588767",-39.9372325857,-73.3967588767,"https://inaturalist-open-data.s3.amazonaws.com/photos/570051364/original.jpg","jpeg","https://www.inaturalist.org/observations/315554257"
"iNaturalist","image","315554257","Lontra provocax","2020-10-11","20:11","Eduardo Silva-Rodríguez",NA,"-39.9372325857,-73.3967588767",-39.9372325857,-73.3967588767,"https://inaturalist-open-data.s3.amazonaws.com/photos/570051376/original.jpg","jpeg","https://www.inaturalist.org/observations/315554257"
"iNaturalist","image","315554257","Lontra provocax","2020-10-11","20:11","Eduardo Silva-Rodríguez",NA,"-39.9372325857,-73.3967588767",-39.9372325857,-73.3967588767,"https://inaturalist-open-data.s3.amazonaws.com/photos/570051383/original.jpg","jpeg","https://www.inaturalist.org/observations/315554257"
"iNaturalist","image","314917333","Lontra provocax","2025-09-16","12:29","Diegoale",NA,"-39.1007058707,-72.7826171729",-39.1007058707,-72.7826171729,"https://static.inaturalist.org/photos/568839774/original.jpg","jpeg","https://www.inaturalist.org/observations/314917333"
"iNaturalist","image","312350606","Lontra provocax","2025-09-07","22:57","André Terwei",NA,"-41.3265162236,-72.9111201207",-41.3265162236,-72.9111201207,"https://inaturalist-open-data.s3.amazonaws.com/photos/563932079/original.jpg","jpeg","https://www.inaturalist.org/observations/312350606"
"iNaturalist","image","300780985","Lontra provocax","2024-10-06","12:37","Marie Anouk Romieux",NA,"-41.9638678131,-73.6732030151",-41.9638678131,-73.6732030151,"https://inaturalist-open-data.s3.amazonaws.com/photos/541963492/original.jpg","jpeg","https://www.inaturalist.org/observations/300780985"
"iNaturalist","image","300780985","Lontra provocax","2024-10-06","12:37","Marie Anouk Romieux",NA,"-41.9638678131,-73.6732030151",-41.9638678131,-73.6732030151,"https://inaturalist-open-data.s3.amazonaws.com/photos/541963597/original.jpg","jpeg","https://www.inaturalist.org/observations/300780985"
"iNaturalist","image","300760117","Lontra provocax","2024-07-28","11:08","Marie Anouk Romieux",NA,"-41.9093132299,-73.7425699576",-41.9093132299,-73.7425699576,"https://inaturalist-open-data.s3.amazonaws.com/photos/545155413/original.jpg","jpeg","https://www.inaturalist.org/observations/300760117"
"iNaturalist","image","300668934","Lontra provocax","2025-02-15","07:55","Katherine Sanhueza Bravo",NA,"-42.14440838,-73.9044679213",-42.14440838,-73.9044679213,"https://inaturalist-open-data.s3.amazonaws.com/photos/541758514/original.jpg","jpeg","https://www.inaturalist.org/observations/300668934"
"iNaturalist","image","300567713","Lontra provocax","2025-07-23","20:09","Carla Soto Ampuero",NA,"-42.6728588674,-73.7789366803",-42.6728588674,-73.7789366803,"https://static.inaturalist.org/photos/541574017/original.jpg","jpeg","https://www.inaturalist.org/observations/300567713"
"iNaturalist","image","300567713","Lontra provocax","2025-07-23","20:09","Carla Soto Ampuero",NA,"-42.6728588674,-73.7789366803",-42.6728588674,-73.7789366803,"https://static.inaturalist.org/photos/541574038/original.jpg","jpeg","https://www.inaturalist.org/observations/300567713"
"iNaturalist","image","298037637","Lontra provocax","2025-07-13","00:40","Diego Castro",NA,"-41.2078708409,-72.9889594815",-41.2078708409,-72.9889594815,"https://static.inaturalist.org/photos/536806507/original.jpg","jpeg","https://www.inaturalist.org/observations/298037637"
"iNaturalist","image","290876141","Lontra provocax",NA,NA,"Arpita Gaonkar",NA,NA,NA,NA,"https://inaturalist-open-data.s3.amazonaws.com/photos/523311011/original.jpg","jpeg","https://www.inaturalist.org/observations/290876141"
"iNaturalist","image","289076392","Lontra provocax","2020-08-31","17:49","Icarofe84",NA,"-39.7607970495,-73.1092851036",-39.7607970495,-73.1092851036,"https://inaturalist-open-data.s3.amazonaws.com/photos/519907173/original.jpg","jpeg","https://www.inaturalist.org/observations/289076392"
"iNaturalist","image","282986818","Lontra provocax","2025-01-18","11:02","Rodrigo Ravanal",NA,"-39.6439239246,-73.1084285872",-39.6439239246,-73.1084285872,"https://static.inaturalist.org/photos/508454690/original.jpg","jpeg","https://www.inaturalist.org/observations/282986818"
"iNaturalist","image","282986818","Lontra provocax","2025-01-18","11:02","Rodrigo Ravanal",NA,"-39.6439239246,-73.1084285872",-39.6439239246,-73.1084285872,"https://static.inaturalist.org/photos/508455573/original.jpg","jpeg","https://www.inaturalist.org/observations/282986818"
"iNaturalist","image","280622823","Lontra provocax","2019-03-21","19:55","Cristian-Bravo",NA,"-42.6742526445,-74.165072626",-42.6742526445,-74.165072626,"https://inaturalist-open-data.s3.amazonaws.com/photos/504020629/original.jpeg","jpeg","https://www.inaturalist.org/observations/280622823"
"iNaturalist","image","270748456","Lontra provocax","2024-07-09","12:40","Natha Brito Vergara",NA,"-43.6909062788,-72.9814297673",-43.6909062788,-72.9814297673,"https://inaturalist-open-data.s3.amazonaws.com/photos/486950898/original.jpeg","jpeg","https://www.inaturalist.org/observations/270748456"
"iNaturalist","image","268287739","Lontra provocax","2025-03-31","19:27","Maximiliano Costa",NA,"-41.250512303,-72.821453416",-41.250512303,-72.821453416,"https://static.inaturalist.org/photos/482228478/original.jpeg","jpeg","https://www.inaturalist.org/observations/268287739"
"iNaturalist","image","268287739","Lontra provocax","2025-03-31","19:27","Maximiliano Costa",NA,"-41.250512303,-72.821453416",-41.250512303,-72.821453416,"https://static.inaturalist.org/photos/482228509/original.jpeg","jpeg","https://www.inaturalist.org/observations/268287739"
"iNaturalist","image","268287739","Lontra provocax","2025-03-31","19:27","Maximiliano Costa",NA,"-41.250512303,-72.821453416",-41.250512303,-72.821453416,"https://static.inaturalist.org/photos/482228530/original.jpeg","jpeg","https://www.inaturalist.org/observations/268287739"
"iNaturalist","image","266833905","Lontra provocax","2025-03-20","14:36","Gero Cutolo",NA,"-40.7215900254,-71.1751582973",-40.7215900254,-71.1751582973,"https://inaturalist-open-data.s3.amazonaws.com/photos/479450067/original.jpeg","jpeg","https://www.inaturalist.org/observations/266833905"
"iNaturalist","image","265711334","Lontra provocax","2025-03-17","08:51","Martin Halvorsen",NA,"-49.5280445349,-73.8354356307",-49.5280445349,-73.8354356307,"https://static.inaturalist.org/photos/477319646/original.jpeg","jpeg","https://www.inaturalist.org/observations/265711334"
"iNaturalist","image","265711334","Lontra provocax","2025-03-17","08:51","Martin Halvorsen",NA,"-49.5280445349,-73.8354356307",-49.5280445349,-73.8354356307,"https://static.inaturalist.org/photos/477319708/original.jpeg","jpeg","https://www.inaturalist.org/observations/265711334"
"iNaturalist","image","264801756","Lontra provocax","2025-02-15","07:53","Felipejarafer",NA,"-42.0935709907,-73.9030532386",-42.0935709907,-73.9030532386,"https://inaturalist-open-data.s3.amazonaws.com/photos/475535822/original.jpg","jpeg","https://www.inaturalist.org/observations/264801756"
"iNaturalist","image","264801755","Lontra provocax","2025-02-15","10:41","Felipejarafer",NA,"-42.0520226081,-73.8131796871",-42.0520226081,-73.8131796871,"https://inaturalist-open-data.s3.amazonaws.com/photos/475535820/original.jpg","jpeg","https://www.inaturalist.org/observations/264801755"
"iNaturalist","image","264618197","Lontra provocax","2025-02-09","13:25","Juanitodelbiobio",NA,"-41.3031839045,-72.2845920824",-41.3031839045,-72.2845920824,"https://inaturalist-open-data.s3.amazonaws.com/photos/475177842/original.jpg","jpeg","https://www.inaturalist.org/observations/264618197"
"iNaturalist","image","263658617","Lontra provocax","2025-01-11","18:12","Matiasg",NA,"-42.605762221,-74.0062870831",-42.605762221,-74.0062870831,"https://inaturalist-open-data.s3.amazonaws.com/photos/473695658/original.jpg","jpeg","https://www.inaturalist.org/observations/263658617"
"iNaturalist","image","263149146","Lontra provocax","2025-02-23","15:14","Matiasg",NA,"-42.4367598623,-74.0195031074",-42.4367598623,-74.0195031074,"https://inaturalist-open-data.s3.amazonaws.com/photos/472692933/original.jpg","jpeg","https://www.inaturalist.org/observations/263149146"
"iNaturalist","image","262735883","Lontra provocax","2025-02-18","20:30","Macafi",NA,"-41.3912836898,-72.5284953221",-41.3912836898,-72.5284953221,"https://inaturalist-open-data.s3.amazonaws.com/photos/471861085/original.jpg","jpeg","https://www.inaturalist.org/observations/262735883"
"iNaturalist","image","262043960","Lontra provocax","2007-12-13","19:37","Maxime Zucca",NA,"-53.7559867609,-70.9648760673",-53.7559867609,-70.9648760673,"https://inaturalist-open-data.s3.amazonaws.com/photos/470844188/original.jpg","jpeg","https://www.inaturalist.org/observations/262043960"
"iNaturalist","image","261646844","Lontra provocax","2025-02-13","21:26","Karla Amsteins",NA,"-39.8299528479,-72.0334980927",-39.8299528479,-72.0334980927,"https://static.inaturalist.org/photos/470101979/original.jpg","jpeg","https://www.inaturalist.org/observations/261646844"
"iNaturalist","image","258174105","Lontra provocax","2024-12-29","20:19","Nayareth Urquieta",NA,"-40.9897168779,-72.823275343",-40.9897168779,-72.823275343,"https://static.inaturalist.org/photos/463167041/original.jpeg","jpeg","https://www.inaturalist.org/observations/258174105"
"iNaturalist","image","258174105","Lontra provocax","2024-12-29","20:19","Nayareth Urquieta",NA,"-40.9897168779,-72.823275343",-40.9897168779,-72.823275343,"https://static.inaturalist.org/photos/463167061/original.jpeg","jpeg","https://www.inaturalist.org/observations/258174105"
"iNaturalist","image","258021265","Lontra provocax","2025-01-09","19:44","Diego Castro",NA,"-41.1121145658,-72.4722496187",-41.1121145658,-72.4722496187,"https://static.inaturalist.org/photos/462869937/original.jpg","jpeg","https://www.inaturalist.org/observations/258021265"
"iNaturalist","image","258021265","Lontra provocax","2025-01-09","19:44","Diego Castro",NA,"-41.1121145658,-72.4722496187",-41.1121145658,-72.4722496187,"https://static.inaturalist.org/photos/462886240/original.jpg","jpeg","https://www.inaturalist.org/observations/258021265"
"iNaturalist","image","254708708","Lontra provocax","2023-02-28","00:48","Odlc",NA,"-42.6438212232,-74.1413474722",-42.6438212232,-74.1413474722,"https://inaturalist-open-data.s3.amazonaws.com/photos/456293814/original.jpg","jpeg","https://www.inaturalist.org/observations/254708708"
"iNaturalist","image","251025944","Lontra provocax",NA,NA,"Manuel Alejandro Henríquez",NA,"-42.7466245166,-74.0697298337",-42.7466245166,-74.0697298337,"https://inaturalist-open-data.s3.amazonaws.com/photos/449077256/original.jpeg","jpeg","https://www.inaturalist.org/observations/251025944"
"iNaturalist","image","251022189","Lontra provocax","2023-09-20","14:48","Manuel Alejandro Henríquez",NA,"-42.743149218,-73.8613388832",-42.743149218,-73.8613388832,"https://inaturalist-open-data.s3.amazonaws.com/photos/449069354/original.jpeg","jpeg","https://www.inaturalist.org/observations/251022189"
"iNaturalist","image","251022150","Lontra provocax","2023-09-20","14:47","Manuel Alejandro Henríquez",NA,"-42.681297652,-74.0994194987",-42.681297652,-74.0994194987,"https://inaturalist-open-data.s3.amazonaws.com/photos/449069262/original.jpeg","jpeg","https://www.inaturalist.org/observations/251022150"
"iNaturalist","image","250524856","Lontra provocax","2024-11-05","01:26","Otraconstanza",NA,"-42.5330650196,-74.0755562557",-42.5330650196,-74.0755562557,"https://inaturalist-open-data.s3.amazonaws.com/photos/448074777/original.jpeg","jpeg","https://www.inaturalist.org/observations/250524856"
"iNaturalist","image","250524856","Lontra provocax","2024-11-05","01:26","Otraconstanza",NA,"-42.5330650196,-74.0755562557",-42.5330650196,-74.0755562557,"https://inaturalist-open-data.s3.amazonaws.com/photos/448074787/original.jpeg","jpeg","https://www.inaturalist.org/observations/250524856"
"iNaturalist","image","249777223","Lontra provocax","2024-07-12","08:59","Carla Soto Ampuero",NA,"-42.7581598606,-73.6370377734",-42.7581598606,-73.6370377734,"https://static.inaturalist.org/photos/446569277/original.jpeg","jpeg","https://www.inaturalist.org/observations/249777223"
"iNaturalist","image","249776968","Lontra provocax","2024-10-11","14:46","Carla Soto Ampuero",NA,"-42.6545281069,-73.7470833643",-42.6545281069,-73.7470833643,"https://static.inaturalist.org/photos/446568630/original.jpeg","jpeg","https://www.inaturalist.org/observations/249776968"
"iNaturalist","image","249545805","Lontra provocax","2019-04-24","15:11","Jdieps",NA,"-54.6341852467,-68.4699969386",-54.6341852467,-68.4699969386,"https://inaturalist-open-data.s3.amazonaws.com/photos/446094526/original.jpeg","jpeg","https://www.inaturalist.org/observations/249545805"
"iNaturalist","image","244200082","Lontra provocax","2008-01-10","17:45","David Zipper",NA,"-42.0209052832,-73.8801335396",-42.0209052832,-73.8801335396,"https://inaturalist-open-data.s3.amazonaws.com/photos/435569841/original.jpg","jpeg","https://www.inaturalist.org/observations/244200082"
"iNaturalist","image","241288304","Lontra provocax","2017-09-18","14:04","Ulrich Pörschmann",NA,"-42.3060036469,-72.4624018632",-42.3060036469,-72.4624018632,"https://inaturalist-open-data.s3.amazonaws.com/photos/430151880/original.jpeg","jpeg","https://www.inaturalist.org/observations/241288304"
"iNaturalist","image","239730691","Lontra provocax","2024-09-03","15:05","Víctor Vidal Echeverría",NA,"-39.3990989916,-72.646364754",-39.3990989916,-72.646364754,"https://inaturalist-open-data.s3.amazonaws.com/photos/427008900/original.jpeg","jpeg","https://www.inaturalist.org/observations/239730691"
"iNaturalist","image","238063816","Lontra provocax","2024-08-20","14:30","Víctor Vidal Echeverría",NA,"-39.316234541,-72.7945585195",-39.316234541,-72.7945585195,"https://inaturalist-open-data.s3.amazonaws.com/photos/423774328/original.jpeg","jpeg","https://www.inaturalist.org/observations/238063816"
"iNaturalist","image","238063816","Lontra provocax","2024-08-20","14:30","Víctor Vidal Echeverría",NA,"-39.316234541,-72.7945585195",-39.316234541,-72.7945585195,"https://inaturalist-open-data.s3.amazonaws.com/photos/423774363/original.jpeg","jpeg","https://www.inaturalist.org/observations/238063816"
"iNaturalist","image","238063666","Lontra provocax","2024-08-21","14:45","Víctor Vidal Echeverría",NA,"-39.2858920864,-72.7588650615",-39.2858920864,-72.7588650615,"https://inaturalist-open-data.s3.amazonaws.com/photos/423774031/original.jpeg","jpeg","https://www.inaturalist.org/observations/238063666"
"iNaturalist","image","238063666","Lontra provocax","2024-08-21","14:45","Víctor Vidal Echeverría",NA,"-39.2858920864,-72.7588650615",-39.2858920864,-72.7588650615,"https://inaturalist-open-data.s3.amazonaws.com/photos/423774050/original.jpeg","jpeg","https://www.inaturalist.org/observations/238063666"
"iNaturalist","image","238063666","Lontra provocax","2024-08-21","14:45","Víctor Vidal Echeverría",NA,"-39.2858920864,-72.7588650615",-39.2858920864,-72.7588650615,"https://inaturalist-open-data.s3.amazonaws.com/photos/423774067/original.jpeg","jpeg","https://www.inaturalist.org/observations/238063666"
"iNaturalist","image","238063449","Lontra provocax","2024-08-25","04:22","Víctor Vidal Echeverría",NA,"-39.3235962837,-72.4067403069",-39.3235962837,-72.4067403069,"https://inaturalist-open-data.s3.amazonaws.com/photos/423773702/original.jpeg","jpeg","https://www.inaturalist.org/observations/238063449"
"iNaturalist","image","232431998","Lontra provocax","2024-03-23","16:52","Photo_bug",NA,"-53.705338328,-72.2866326517",-53.705338328,-72.2866326517,"https://inaturalist-open-data.s3.amazonaws.com/photos/412930628/original.jpeg","jpeg","https://www.inaturalist.org/observations/232431998"
"iNaturalist","image","229158390","Lontra provocax","2024-07-13","13:05","Karla Amsteins",NA,"-39.9452744042,-72.7830823642",-39.9452744042,-72.7830823642,"https://static.inaturalist.org/photos/406791531/original.jpeg","jpeg","https://www.inaturalist.org/observations/229158390"
"iNaturalist","image","229158348","Lontra provocax","2024-07-13","13:05","Karla Amsteins",NA,"-39.9782717394,-72.6951202656",-39.9782717394,-72.6951202656,"https://static.inaturalist.org/photos/406741634/original.jpeg","jpeg","https://www.inaturalist.org/observations/229158348"
"iNaturalist","image","227177487","Lontra provocax","2024-03-27","08:04","Santiago Imberti",NA,"-54.742460293,-63.8500891999",-54.742460293,-63.8500891999,"https://static.inaturalist.org/photos/402981102/original.jpg","jpeg","https://www.inaturalist.org/observations/227177487"
"iNaturalist","image","227177480","Lontra provocax","2024-03-27","08:05","Santiago Imberti",NA,"-54.7114537757,-63.9225527405",-54.7114537757,-63.9225527405,"https://static.inaturalist.org/photos/402981052/original.jpg","jpeg","https://www.inaturalist.org/observations/227177480"
"iNaturalist","image","227177479","Lontra provocax","2024-03-27","08:05","Santiago Imberti",NA,"-54.7501070579,-63.9485734095",-54.7501070579,-63.9485734095,"https://static.inaturalist.org/photos/402980997/original.jpg","jpeg","https://www.inaturalist.org/observations/227177479"
"iNaturalist","image","227177478","Lontra provocax","2024-03-27","08:05","Santiago Imberti",NA,"-54.6510331174,-63.8708646247",-54.6510331174,-63.8708646247,"https://static.inaturalist.org/photos/402981112/original.jpg","jpeg","https://www.inaturalist.org/observations/227177478"
"iNaturalist","image","227177477","Lontra provocax","2024-03-27","08:05","Santiago Imberti",NA,"-54.6756275541,-63.9699124018",-54.6756275541,-63.9699124018,"https://static.inaturalist.org/photos/402980678/original.jpg","jpeg","https://www.inaturalist.org/observations/227177477"
"iNaturalist","image","227177475","Lontra provocax","2024-03-27","08:05","Santiago Imberti",NA,"-54.6504496524,-63.8540889202",-54.6504496524,-63.8540889202,"https://static.inaturalist.org/photos/402980631/original.jpg","jpeg","https://www.inaturalist.org/observations/227177475"
"iNaturalist","image","227177474","Lontra provocax","2024-03-27","08:05","Santiago Imberti",NA,"-54.6740767343,-63.8132020579",-54.6740767343,-63.8132020579,"https://static.inaturalist.org/photos/402980628/original.jpg","jpeg","https://www.inaturalist.org/observations/227177474"
"iNaturalist","image","221618166","Lontra provocax","2024-06-09","13:33","Francisco Castro Carmona",NA,"-41.2254461153,-72.4595687178",-41.2254461153,-72.4595687178,"https://inaturalist-open-data.s3.amazonaws.com/photos/392516110/original.jpg","jpeg","https://www.inaturalist.org/observations/221618166"
"iNaturalist","image","221617914","Lontra provocax","2024-06-09","13:33","Diego Castro",NA,"-41.3403675951,-72.5074262871",-41.3403675951,-72.5074262871,"https://static.inaturalist.org/photos/392479407/original.jpg","jpeg","https://www.inaturalist.org/observations/221617914"
"iNaturalist","image","216212042","Lontra provocax","2023-04-30","10:56","Eve Henríquez",NA,"-42.1810917442,-73.9885921439",-42.1810917442,-73.9885921439,"https://inaturalist-open-data.s3.amazonaws.com/photos/382357011/original.jpeg","jpeg","https://www.inaturalist.org/observations/216212042"
"iNaturalist","image","210933919","Lontra provocax","2024-04-16","14:04","Juan Esteban Salazar",NA,"-39.711534415,-73.1351570351",-39.711534415,-73.1351570351,"https://static.inaturalist.org/photos/373003059/original.jpg","jpeg","https://www.inaturalist.org/observations/210933919"
"iNaturalist","image","207970611","Lontra provocax","2024-01-31","14:29","Mariona Sardà Serra",NA,"-53.6284368804,-70.8241962141",-53.6284368804,-70.8241962141,"https://static.inaturalist.org/photos/367919475/original.jpeg","jpeg","https://www.inaturalist.org/observations/207970611"
"iNaturalist","image","207970611","Lontra provocax","2024-01-31","14:29","Mariona Sardà Serra",NA,"-53.6284368804,-70.8241962141",-53.6284368804,-70.8241962141,"https://static.inaturalist.org/photos/367919507/original.jpeg","jpeg","https://www.inaturalist.org/observations/207970611"
"iNaturalist","image","207081682","Lontra provocax","2024-04-13","10:18","André Terwei",NA,"-44.5146787349,-72.5675341608",-44.5146787349,-72.5675341608,"https://inaturalist-open-data.s3.amazonaws.com/photos/366252665/original.jpg","jpeg","https://www.inaturalist.org/observations/207081682"
"iNaturalist","image","207081682","Lontra provocax","2024-04-13","10:18","André Terwei",NA,"-44.5146787349,-72.5675341608",-44.5146787349,-72.5675341608,"https://inaturalist-open-data.s3.amazonaws.com/photos/366252601/original.jpg","jpeg","https://www.inaturalist.org/observations/207081682"
"iNaturalist","image","207081682","Lontra provocax","2024-04-13","10:18","André Terwei",NA,"-44.5146787349,-72.5675341608",-44.5146787349,-72.5675341608,"https://inaturalist-open-data.s3.amazonaws.com/photos/366253968/original.jpg","jpeg","https://www.inaturalist.org/observations/207081682"
"iNaturalist","image","206465067","Lontra provocax","2023-03-02","15:55","Nicole De La Jara Bravo",NA,"-42.4618823813,-73.6239689938",-42.4618823813,-73.6239689938,"https://static.inaturalist.org/photos/365159014/original.jpeg","jpeg","https://www.inaturalist.org/observations/206465067"
"iNaturalist","image","205367491","Lontra provocax","2024-03-27","08:06","Ulises Balza",NA,"-54.7538458485,-63.9457645691",-54.7538458485,-63.9457645691,"https://inaturalist-open-data.s3.amazonaws.com/photos/363120018/original.jpeg","jpeg","https://www.inaturalist.org/observations/205367491"
"iNaturalist","image","205367491","Lontra provocax","2024-03-27","08:06","Ulises Balza",NA,"-54.7538458485,-63.9457645691",-54.7538458485,-63.9457645691,"https://inaturalist-open-data.s3.amazonaws.com/photos/363120041/original.jpeg","jpeg","https://www.inaturalist.org/observations/205367491"
"iNaturalist","image","205367491","Lontra provocax","2024-03-27","08:06","Ulises Balza",NA,"-54.7538458485,-63.9457645691",-54.7538458485,-63.9457645691,"https://inaturalist-open-data.s3.amazonaws.com/photos/363120079/original.jpeg","jpeg","https://www.inaturalist.org/observations/205367491"
"iNaturalist","image","205367491","Lontra provocax","2024-03-27","08:06","Ulises Balza",NA,"-54.7538458485,-63.9457645691",-54.7538458485,-63.9457645691,"https://inaturalist-open-data.s3.amazonaws.com/photos/363120130/original.jpeg","jpeg","https://www.inaturalist.org/observations/205367491"
"iNaturalist","image","205367491","Lontra provocax","2024-03-27","08:06","Ulises Balza",NA,"-54.7538458485,-63.9457645691",-54.7538458485,-63.9457645691,"https://inaturalist-open-data.s3.amazonaws.com/photos/363120166/original.jpeg","jpeg","https://www.inaturalist.org/observations/205367491"
"iNaturalist","image","205367491","Lontra provocax","2024-03-27","08:06","Ulises Balza",NA,"-54.7538458485,-63.9457645691",-54.7538458485,-63.9457645691,"https://inaturalist-open-data.s3.amazonaws.com/photos/363120191/original.jpeg","jpeg","https://www.inaturalist.org/observations/205367491"
"iNaturalist","image","205367491","Lontra provocax","2024-03-27","08:06","Ulises Balza",NA,"-54.7538458485,-63.9457645691",-54.7538458485,-63.9457645691,"https://inaturalist-open-data.s3.amazonaws.com/photos/363120213/original.jpeg","jpeg","https://www.inaturalist.org/observations/205367491"
"iNaturalist","image","204577280","Lontra provocax","2024-03-30","10:50","Francisco Castro Carmona",NA,"-41.0313935824,-72.5422931886",-41.0313935824,-72.5422931886,"https://inaturalist-open-data.s3.amazonaws.com/photos/361619634/original.jpg","jpeg","https://www.inaturalist.org/observations/204577280"
"iNaturalist","image","202831454","Lontra provocax","2024-03-17","08:33","Babzrobinson",NA,"-50.7982924269,-73.95961165",-50.7982924269,-73.95961165,"https://inaturalist-open-data.s3.amazonaws.com/photos/358522184/original.jpg","jpeg","https://www.inaturalist.org/observations/202831454"
"iNaturalist","image","202831454","Lontra provocax","2024-03-17","08:33","Babzrobinson",NA,"-50.7982924269,-73.95961165",-50.7982924269,-73.95961165,"https://inaturalist-open-data.s3.amazonaws.com/photos/358277855/original.jpg","jpeg","https://www.inaturalist.org/observations/202831454"
"iNaturalist","image","202831454","Lontra provocax","2024-03-17","08:33","Babzrobinson",NA,"-50.7982924269,-73.95961165",-50.7982924269,-73.95961165,"https://inaturalist-open-data.s3.amazonaws.com/photos/358522125/original.jpg","jpeg","https://www.inaturalist.org/observations/202831454"
"iNaturalist","image","201507173","Lontra provocax","2023-03-23","12:49","Francisco Brañas",NA,"-53.6265808786,-72.3274441987",-53.6265808786,-72.3274441987,"https://static.inaturalist.org/photos/355674200/original.jpg","jpeg","https://www.inaturalist.org/observations/201507173"
"iNaturalist","image","199787771","Lontra provocax","2024-02-17","11:44","Pcontrerasbravo",NA,"-39.5664692998,-72.1737180624",-39.5664692998,-72.1737180624,"https://inaturalist-open-data.s3.amazonaws.com/photos/352383335/original.jpeg","jpeg","https://www.inaturalist.org/observations/199787771"
"iNaturalist","image","199787667","Lontra provocax","2024-02-16","13:14","Pcontrerasbravo",NA,"-39.4526201376,-72.1623894222",-39.4526201376,-72.1623894222,"https://inaturalist-open-data.s3.amazonaws.com/photos/352383302/original.jpeg","jpeg","https://www.inaturalist.org/observations/199787667"
"iNaturalist","image","199787667","Lontra provocax","2024-02-16","13:14","Pcontrerasbravo",NA,"-39.4526201376,-72.1623894222",-39.4526201376,-72.1623894222,"https://inaturalist-open-data.s3.amazonaws.com/photos/352383317/original.jpeg","jpeg","https://www.inaturalist.org/observations/199787667"
"iNaturalist","image","199426457","Lontra provocax","2024-02-13","09:08","Hederd Torres García",NA,"-39.6405652295,-73.2804441272",-39.6405652295,-73.2804441272,"https://inaturalist-open-data.s3.amazonaws.com/photos/351691160/original.jpg","jpeg","https://www.inaturalist.org/observations/199426457"
"iNaturalist","image","199426457","Lontra provocax","2024-02-13","09:08","Hederd Torres García",NA,"-39.6405652295,-73.2804441272",-39.6405652295,-73.2804441272,"https://inaturalist-open-data.s3.amazonaws.com/photos/351691078/original.jpg","jpeg","https://www.inaturalist.org/observations/199426457"
"iNaturalist","image","199426457","Lontra provocax","2024-02-13","09:08","Hederd Torres García",NA,"-39.6405652295,-73.2804441272",-39.6405652295,-73.2804441272,"https://inaturalist-open-data.s3.amazonaws.com/photos/351691062/original.jpg","jpeg","https://www.inaturalist.org/observations/199426457"
"iNaturalist","image","198939608","Lontra provocax","2024-02-10","17:18","Diego Castro",NA,"-41.1253409143,-72.4800113896",-41.1253409143,-72.4800113896,"https://static.inaturalist.org/photos/350734887/original.jpg","jpeg","https://www.inaturalist.org/observations/198939608"
"iNaturalist","image","198808857","Lontra provocax","2024-02-09","08:30","Diego Castro",NA,"-41.0500546657,-72.5588310139",-41.0500546657,-72.5588310139,"https://static.inaturalist.org/photos/350482153/original.jpg","jpeg","https://www.inaturalist.org/observations/198808857"
"iNaturalist","image","198808857","Lontra provocax","2024-02-09","08:30","Diego Castro",NA,"-41.0500546657,-72.5588310139",-41.0500546657,-72.5588310139,"https://static.inaturalist.org/photos/350482170/original.jpg","jpeg","https://www.inaturalist.org/observations/198808857"
"iNaturalist","image","198808482","Lontra provocax","2024-02-09","08:20","Diego Castro",NA,"-41.1025076844,-72.5613909579",-41.1025076844,-72.5613909579,"https://static.inaturalist.org/photos/350481496/original.jpg","jpeg","https://www.inaturalist.org/observations/198808482"
"iNaturalist","image","198808482","Lontra provocax","2024-02-09","08:20","Diego Castro",NA,"-41.1025076844,-72.5613909579",-41.1025076844,-72.5613909579,"https://static.inaturalist.org/photos/350481521/original.jpg","jpeg","https://www.inaturalist.org/observations/198808482"
"iNaturalist","image","198808384","Lontra provocax","2024-02-09","10:22","Diego Castro",NA,"-41.1192660783,-72.4743403669",-41.1192660783,-72.4743403669,"https://static.inaturalist.org/photos/350481233/original.jpg","jpeg","https://www.inaturalist.org/observations/198808384"
"iNaturalist","image","198808384","Lontra provocax","2024-02-09","10:22","Diego Castro",NA,"-41.1192660783,-72.4743403669",-41.1192660783,-72.4743403669,"https://static.inaturalist.org/photos/350481250/original.jpg","jpeg","https://www.inaturalist.org/observations/198808384"
"iNaturalist","image","198808384","Lontra provocax","2024-02-09","10:22","Diego Castro",NA,"-41.1192660783,-72.4743403669",-41.1192660783,-72.4743403669,"https://static.inaturalist.org/photos/350481266/original.jpg","jpeg","https://www.inaturalist.org/observations/198808384"
"iNaturalist","image","195667302","Lontra provocax","2019-04-20","11:49","Kiniroesler",NA,"-40.7429112212,-71.2263139072",-40.7429112212,-71.2263139072,"https://inaturalist-open-data.s3.amazonaws.com/photos/344288278/original.jpg","jpeg","https://www.inaturalist.org/observations/195667302"
"iNaturalist","image","194427768","Lontra provocax","2023-11-13","11:15","Caroruizgomez",NA,"-39.654838385,-73.1252899681",-39.654838385,-73.1252899681,"https://inaturalist-open-data.s3.amazonaws.com/photos/341758452/original.jpeg","jpeg","https://www.inaturalist.org/observations/194427768"
"iNaturalist","image","194427768","Lontra provocax","2023-11-13","11:15","Caroruizgomez",NA,"-39.654838385,-73.1252899681",-39.654838385,-73.1252899681,"https://inaturalist-open-data.s3.amazonaws.com/photos/341758459/original.jpeg","jpeg","https://www.inaturalist.org/observations/194427768"
"iNaturalist","image","193176403","Lontra provocax","2023-09-20","14:47","Manuel Alejandro Henríquez",NA,"-42.6449502188,-74.0608181199",-42.6449502188,-74.0608181199,"https://inaturalist-open-data.s3.amazonaws.com/photos/339307234/original.jpeg","jpeg","https://www.inaturalist.org/observations/193176403"
"iNaturalist","image","189612631","Lontra provocax","2023-10-31","11:34","Sebavargas",NA,"-39.6032113748,-73.1975325219",-39.6032113748,-73.1975325219,"https://inaturalist-open-data.s3.amazonaws.com/photos/332211457/original.jpg","jpeg","https://www.inaturalist.org/observations/189612631"
"iNaturalist","image","189612631","Lontra provocax","2023-10-31","11:34","Sebavargas",NA,"-39.6032113748,-73.1975325219",-39.6032113748,-73.1975325219,"https://inaturalist-open-data.s3.amazonaws.com/photos/332211473/original.jpg","jpeg","https://www.inaturalist.org/observations/189612631"
"iNaturalist","image","177448364","Lontra provocax","2023-08-08","14:45","Agustin Gomez",NA,"-42.697566235,-73.9274287819",-42.697566235,-73.9274287819,"https://static.inaturalist.org/photos/308624196/original.jpeg","jpeg","https://www.inaturalist.org/observations/177448364"
"iNaturalist","image","175404563","Lontra provocax","2023-06-18","18:15","Yerko Lloncon",NA,"-39.7763354272,-72.3858201678",-39.7763354272,-72.3858201678,"https://inaturalist-open-data.s3.amazonaws.com/photos/304831567/original.jpeg","jpeg","https://www.inaturalist.org/observations/175404563"
"iNaturalist","image","175404563","Lontra provocax","2023-06-18","18:15","Yerko Lloncon",NA,"-39.7763354272,-72.3858201678",-39.7763354272,-72.3858201678,"https://inaturalist-open-data.s3.amazonaws.com/photos/304831612/original.jpeg","jpeg","https://www.inaturalist.org/observations/175404563"
"iNaturalist","image","175404563","Lontra provocax","2023-06-18","18:15","Yerko Lloncon",NA,"-39.7763354272,-72.3858201678",-39.7763354272,-72.3858201678,"https://inaturalist-open-data.s3.amazonaws.com/photos/304831649/original.jpeg","jpeg","https://www.inaturalist.org/observations/175404563"
"iNaturalist","image","171207394","Lontra provocax","2023-03-03","11:11","Mariano Rodriguez",NA,"-55.0427587556,-66.4853550271",-55.0427587556,-66.4853550271,"https://static.inaturalist.org/photos/297061918/original.jpg","jpeg","https://www.inaturalist.org/observations/171207394"
"iNaturalist","image","168284233","Lontra provocax","2023-05-11","16:42","Natalia Vidal",NA,"-39.7621312544,-72.0984752438",-39.7621312544,-72.0984752438,"https://static.inaturalist.org/photos/291627887/original.jpg","jpeg","https://www.inaturalist.org/observations/168284233"
"iNaturalist","image","168284233","Lontra provocax","2023-05-11","16:42","Natalia Vidal",NA,"-39.7621312544,-72.0984752438",-39.7621312544,-72.0984752438,"https://static.inaturalist.org/photos/291627901/original.jpg","jpeg","https://www.inaturalist.org/observations/168284233"
"iNaturalist","image","168284233","Lontra provocax","2023-05-11","16:42","Natalia Vidal",NA,"-39.7621312544,-72.0984752438",-39.7621312544,-72.0984752438,"https://static.inaturalist.org/photos/291627915/original.jpg","jpeg","https://www.inaturalist.org/observations/168284233"
"iNaturalist","image","162339140","Lontra provocax","2023-05-17","14:29","Roderich Barria Quintana",NA,"-51.6627378506,-72.4462227483",-51.6627378506,-72.4462227483,"https://inaturalist-open-data.s3.amazonaws.com/photos/280690306/original.jpg","jpeg","https://www.inaturalist.org/observations/162339140"
"iNaturalist","image","162339140","Lontra provocax","2023-05-17","14:29","Roderich Barria Quintana",NA,"-51.6627378506,-72.4462227483",-51.6627378506,-72.4462227483,"https://inaturalist-open-data.s3.amazonaws.com/photos/456333974/original.jpg","jpeg","https://www.inaturalist.org/observations/162339140"
"iNaturalist","image","162339140","Lontra provocax","2023-05-17","14:29","Roderich Barria Quintana",NA,"-51.6627378506,-72.4462227483",-51.6627378506,-72.4462227483,"https://inaturalist-open-data.s3.amazonaws.com/photos/456333976/original.jpg","jpeg","https://www.inaturalist.org/observations/162339140"
"iNaturalist","image","162339140","Lontra provocax","2023-05-17","14:29","Roderich Barria Quintana",NA,"-51.6627378506,-72.4462227483",-51.6627378506,-72.4462227483,"https://inaturalist-open-data.s3.amazonaws.com/photos/456333980/original.jpg","jpeg","https://www.inaturalist.org/observations/162339140"
"iNaturalist","image","162339140","Lontra provocax","2023-05-17","14:29","Roderich Barria Quintana",NA,"-51.6627378506,-72.4462227483",-51.6627378506,-72.4462227483,"https://inaturalist-open-data.s3.amazonaws.com/photos/456333982/original.jpg","jpeg","https://www.inaturalist.org/observations/162339140"
"iNaturalist","image","162339140","Lontra provocax","2023-05-17","14:29","Roderich Barria Quintana",NA,"-51.6627378506,-72.4462227483",-51.6627378506,-72.4462227483,"https://inaturalist-open-data.s3.amazonaws.com/photos/456333983/original.jpg","jpeg","https://www.inaturalist.org/observations/162339140"
"iNaturalist","image","162339140","Lontra provocax","2023-05-17","14:29","Roderich Barria Quintana",NA,"-51.6627378506,-72.4462227483",-51.6627378506,-72.4462227483,"https://inaturalist-open-data.s3.amazonaws.com/photos/456333986/original.jpg","jpeg","https://www.inaturalist.org/observations/162339140"
"iNaturalist","image","162339140","Lontra provocax","2023-05-17","14:29","Roderich Barria Quintana",NA,"-51.6627378506,-72.4462227483",-51.6627378506,-72.4462227483,"https://inaturalist-open-data.s3.amazonaws.com/photos/456333989/original.jpg","jpeg","https://www.inaturalist.org/observations/162339140"
"iNaturalist","image","162339140","Lontra provocax","2023-05-17","14:29","Roderich Barria Quintana",NA,"-51.6627378506,-72.4462227483",-51.6627378506,-72.4462227483,"https://inaturalist-open-data.s3.amazonaws.com/photos/456333992/original.jpg","jpeg","https://www.inaturalist.org/observations/162339140"
"iNaturalist","image","162339140","Lontra provocax","2023-05-17","14:29","Roderich Barria Quintana",NA,"-51.6627378506,-72.4462227483",-51.6627378506,-72.4462227483,"https://inaturalist-open-data.s3.amazonaws.com/photos/456333996/original.jpg","jpeg","https://www.inaturalist.org/observations/162339140"
"iNaturalist","image","162339140","Lontra provocax","2023-05-17","14:29","Roderich Barria Quintana",NA,"-51.6627378506,-72.4462227483",-51.6627378506,-72.4462227483,"https://inaturalist-open-data.s3.amazonaws.com/photos/456333997/original.jpg","jpeg","https://www.inaturalist.org/observations/162339140"
"iNaturalist","image","162339140","Lontra provocax","2023-05-17","14:29","Roderich Barria Quintana",NA,"-51.6627378506,-72.4462227483",-51.6627378506,-72.4462227483,"https://inaturalist-open-data.s3.amazonaws.com/photos/456333999/original.jpg","jpeg","https://www.inaturalist.org/observations/162339140"
"iNaturalist","image","162339140","Lontra provocax","2023-05-17","14:29","Roderich Barria Quintana",NA,"-51.6627378506,-72.4462227483",-51.6627378506,-72.4462227483,"https://inaturalist-open-data.s3.amazonaws.com/photos/456334002/original.jpg","jpeg","https://www.inaturalist.org/observations/162339140"
"iNaturalist","image","162339140","Lontra provocax","2023-05-17","14:29","Roderich Barria Quintana",NA,"-51.6627378506,-72.4462227483",-51.6627378506,-72.4462227483,"https://inaturalist-open-data.s3.amazonaws.com/photos/456334007/original.jpg","jpeg","https://www.inaturalist.org/observations/162339140"
"iNaturalist","image","162339140","Lontra provocax","2023-05-17","14:29","Roderich Barria Quintana",NA,"-51.6627378506,-72.4462227483",-51.6627378506,-72.4462227483,"https://inaturalist-open-data.s3.amazonaws.com/photos/456334008/original.jpg","jpeg","https://www.inaturalist.org/observations/162339140"
"iNaturalist","image","162339140","Lontra provocax","2023-05-17","14:29","Roderich Barria Quintana",NA,"-51.6627378506,-72.4462227483",-51.6627378506,-72.4462227483,"https://inaturalist-open-data.s3.amazonaws.com/photos/456334009/original.jpg","jpeg","https://www.inaturalist.org/observations/162339140"
"iNaturalist","image","160636171","Lontra provocax","2023-05-08","07:28","Gonzalo Cordero",NA,"-40.4442009278,-73.018341261",-40.4442009278,-73.018341261,"https://static.inaturalist.org/photos/277594070/original.jpeg","jpeg","https://www.inaturalist.org/observations/160636171"
"iNaturalist","image","160607231","Lontra provocax","2023-05-08","12:52","Andyselva",NA,"-39.7656296466,-73.0987098367",-39.7656296466,-73.0987098367,"https://inaturalist-open-data.s3.amazonaws.com/photos/277540659/original.jpeg","jpeg","https://www.inaturalist.org/observations/160607231"
"iNaturalist","image","160607231","Lontra provocax","2023-05-08","12:52","Andyselva",NA,"-39.7656296466,-73.0987098367",-39.7656296466,-73.0987098367,"https://inaturalist-open-data.s3.amazonaws.com/photos/277540702/original.jpeg","jpeg","https://www.inaturalist.org/observations/160607231"
"iNaturalist","image","156150296","Lontra provocax","2019-02-01","09:41","Sebastián Saiter v.",NA,"-42.018397657,-73.8387122927",-42.018397657,-73.8387122927,"https://inaturalist-open-data.s3.amazonaws.com/photos/269976444/original.jpg","jpeg","https://www.inaturalist.org/observations/156150296"
"iNaturalist","image","156150296","Lontra provocax","2019-02-01","09:41","Sebastián Saiter v.",NA,"-42.018397657,-73.8387122927",-42.018397657,-73.8387122927,"https://inaturalist-open-data.s3.amazonaws.com/photos/269977738/original.jpg","jpeg","https://www.inaturalist.org/observations/156150296"
"iNaturalist","image","156150296","Lontra provocax","2019-02-01","09:41","Sebastián Saiter v.",NA,"-42.018397657,-73.8387122927",-42.018397657,-73.8387122927,"https://inaturalist-open-data.s3.amazonaws.com/photos/502070611/original.jpeg","jpeg","https://www.inaturalist.org/observations/156150296"
"iNaturalist","image","156150296","Lontra provocax","2019-02-01","09:41","Sebastián Saiter v.",NA,"-42.018397657,-73.8387122927",-42.018397657,-73.8387122927,"https://inaturalist-open-data.s3.amazonaws.com/photos/502070613/original.jpeg","jpeg","https://www.inaturalist.org/observations/156150296"
"iNaturalist","image","156150296","Lontra provocax","2019-02-01","09:41","Sebastián Saiter v.",NA,"-42.018397657,-73.8387122927",-42.018397657,-73.8387122927,"https://inaturalist-open-data.s3.amazonaws.com/photos/502070618/original.jpeg","jpeg","https://www.inaturalist.org/observations/156150296"
"iNaturalist","image","156150296","Lontra provocax","2019-02-01","09:41","Sebastián Saiter v.",NA,"-42.018397657,-73.8387122927",-42.018397657,-73.8387122927,"https://inaturalist-open-data.s3.amazonaws.com/photos/502070622/original.jpeg","jpeg","https://www.inaturalist.org/observations/156150296"
"iNaturalist","image","153854827","Lontra provocax","2023-04-07","16:53","Diego Castro",NA,"-41.0694449549,-72.4296928674",-41.0694449549,-72.4296928674,"https://static.inaturalist.org/photos/265793407/original.jpg","jpeg","https://www.inaturalist.org/observations/153854827"
"iNaturalist","image","153854827","Lontra provocax","2023-04-07","16:53","Diego Castro",NA,"-41.0694449549,-72.4296928674",-41.0694449549,-72.4296928674,"https://static.inaturalist.org/photos/265793475/original.jpg","jpeg","https://www.inaturalist.org/observations/153854827"
"iNaturalist","image","148687895","Lontra provocax","2023-02-12","14:41","Yerko Lloncon",NA,"-39.7826527628,-71.8046543839",-39.7826527628,-71.8046543839,"https://inaturalist-open-data.s3.amazonaws.com/photos/256096434/original.jpeg","jpeg","https://www.inaturalist.org/observations/148687895"
"iNaturalist","image","148687895","Lontra provocax","2023-02-12","14:41","Yerko Lloncon",NA,"-39.7826527628,-71.8046543839",-39.7826527628,-71.8046543839,"https://inaturalist-open-data.s3.amazonaws.com/photos/256096448/original.jpeg","jpeg","https://www.inaturalist.org/observations/148687895"
"iNaturalist","image","148687895","Lontra provocax","2023-02-12","14:41","Yerko Lloncon",NA,"-39.7826527628,-71.8046543839",-39.7826527628,-71.8046543839,"https://inaturalist-open-data.s3.amazonaws.com/photos/256096461/original.jpeg","jpeg","https://www.inaturalist.org/observations/148687895"
"iNaturalist","image","148687895","Lontra provocax","2023-02-12","14:41","Yerko Lloncon",NA,"-39.7826527628,-71.8046543839",-39.7826527628,-71.8046543839,"https://inaturalist-open-data.s3.amazonaws.com/photos/256096473/original.jpeg","jpeg","https://www.inaturalist.org/observations/148687895"
"iNaturalist","image","148687895","Lontra provocax","2023-02-12","14:41","Yerko Lloncon",NA,"-39.7826527628,-71.8046543839",-39.7826527628,-71.8046543839,"https://inaturalist-open-data.s3.amazonaws.com/photos/256096482/original.jpeg","jpeg","https://www.inaturalist.org/observations/148687895"
"iNaturalist","image","148687895","Lontra provocax","2023-02-12","14:41","Yerko Lloncon",NA,"-39.7826527628,-71.8046543839",-39.7826527628,-71.8046543839,"https://inaturalist-open-data.s3.amazonaws.com/photos/256096503/original.jpeg","jpeg","https://www.inaturalist.org/observations/148687895"
"iNaturalist","image","148188614","Lontra provocax","2023-02-06","12:23","Diego Castro",NA,"-41.0619632453,-72.5743478892",-41.0619632453,-72.5743478892,"https://static.inaturalist.org/photos/255139728/original.jpg","jpeg","https://www.inaturalist.org/observations/148188614"
"iNaturalist","image","148188420","Lontra provocax","2023-02-06","11:41","Diego Castro",NA,"-41.0578676689,-72.5410182439",-41.0578676689,-72.5410182439,"https://static.inaturalist.org/photos/255139430/original.jpg","jpeg","https://www.inaturalist.org/observations/148188420"
"iNaturalist","image","148188420","Lontra provocax","2023-02-06","11:41","Diego Castro",NA,"-41.0578676689,-72.5410182439",-41.0578676689,-72.5410182439,"https://static.inaturalist.org/photos/255139437/original.jpg","jpeg","https://www.inaturalist.org/observations/148188420"
"iNaturalist","image","148188420","Lontra provocax","2023-02-06","11:41","Diego Castro",NA,"-41.0578676689,-72.5410182439",-41.0578676689,-72.5410182439,"https://static.inaturalist.org/photos/255139445/original.jpg","jpeg","https://www.inaturalist.org/observations/148188420"
"iNaturalist","image","146028576","Lontra provocax","2023-01-04","21:02","Yerko Lloncon",NA,"-39.5450531768,-72.0222387595",-39.5450531768,-72.0222387595,"https://inaturalist-open-data.s3.amazonaws.com/photos/250965438/original.jpeg","jpeg","https://www.inaturalist.org/observations/146028576"
"iNaturalist","image","146028576","Lontra provocax","2023-01-04","21:02","Yerko Lloncon",NA,"-39.5450531768,-72.0222387595",-39.5450531768,-72.0222387595,"https://inaturalist-open-data.s3.amazonaws.com/photos/250965450/original.jpeg","jpeg","https://www.inaturalist.org/observations/146028576"
"iNaturalist","image","144470350","Lontra provocax","2022-12-04","12:20","Yerko Lloncon",NA,"-39.8595770051,-73.3886491636",-39.8595770051,-73.3886491636,"https://inaturalist-open-data.s3.amazonaws.com/photos/247961384/original.jpeg","jpeg","https://www.inaturalist.org/observations/144470350"
"iNaturalist","image","141661789","Lontra provocax","2022-11-10","20:36","Nahomi Manriquez",NA,"-39.7141154246,-73.3516140134",-39.7141154246,-73.3516140134,"https://static.inaturalist.org/photos/242741427/original.jpg","jpeg","https://www.inaturalist.org/observations/141661789"
"iNaturalist","image","141214173","Lontra provocax","2022-01-24","13:24","Polaage",NA,"-44.1797245701,-72.3763240681",-44.1797245701,-72.3763240681,"https://inaturalist-open-data.s3.amazonaws.com/photos/241865700/original.jpg","jpeg","https://www.inaturalist.org/observations/141214173"
"iNaturalist","image","141214173","Lontra provocax","2022-01-24","13:24","Polaage",NA,"-44.1797245701,-72.3763240681",-44.1797245701,-72.3763240681,"https://inaturalist-open-data.s3.amazonaws.com/photos/241865715/original.jpg","jpeg","https://www.inaturalist.org/observations/141214173"
"iNaturalist","image","141214173","Lontra provocax","2022-01-24","13:24","Polaage",NA,"-44.1797245701,-72.3763240681",-44.1797245701,-72.3763240681,"https://inaturalist-open-data.s3.amazonaws.com/photos/241865731/original.jpg","jpeg","https://www.inaturalist.org/observations/141214173"
"iNaturalist","image","139818596","Lontra provocax","2022-10-23","18:00","Víctor Vidal Echeverría",NA,"-39.3287543713,-72.429993544",-39.3287543713,-72.429993544,"https://inaturalist-open-data.s3.amazonaws.com/photos/239218337/original.jpeg","jpeg","https://www.inaturalist.org/observations/139818596"
"iNaturalist","image","138823677","Lontra provocax","2022-10-15","09:00","Juan Buttazzoni",NA,NA,NA,NA,"https://static.inaturalist.org/photos/237336410/original.jpeg","jpeg","https://www.inaturalist.org/observations/138823677"
"iNaturalist","image","137699656","Lontra provocax","2022-04-05","11:15","Katherin Solis-Lufí",NA,"-39.2480159252,-73.2771180384",-39.2480159252,-73.2771180384,"https://inaturalist-open-data.s3.amazonaws.com/photos/235224061/original.jpeg","jpeg","https://www.inaturalist.org/observations/137699656"
"iNaturalist","image","137699656","Lontra provocax","2022-04-05","11:15","Katherin Solis-Lufí",NA,"-39.2480159252,-73.2771180384",-39.2480159252,-73.2771180384,"https://inaturalist-open-data.s3.amazonaws.com/photos/235230554/original.jpeg","jpeg","https://www.inaturalist.org/observations/137699656"
"iNaturalist","image","137699656","Lontra provocax","2022-04-05","11:15","Katherin Solis-Lufí",NA,"-39.2480159252,-73.2771180384",-39.2480159252,-73.2771180384,"https://inaturalist-open-data.s3.amazonaws.com/photos/235230562/original.jpeg","jpeg","https://www.inaturalist.org/observations/137699656"
"iNaturalist","image","137482225","Lontra provocax","2022-03-19","18:07","María-Constanza Castilla Contreras",NA,"-38.5738950952,-72.8949126004",-38.5738950952,-72.8949126004,"https://static.inaturalist.org/photos/234816162/original.jpeg","jpeg","https://www.inaturalist.org/observations/137482225"
"iNaturalist","image","137482225","Lontra provocax","2022-03-19","18:07","María-Constanza Castilla Contreras",NA,"-38.5738950952,-72.8949126004",-38.5738950952,-72.8949126004,"https://static.inaturalist.org/photos/234816176/original.jpeg","jpeg","https://www.inaturalist.org/observations/137482225"
"iNaturalist","image","135467139","Lontra provocax","2022-09-17","12:04","Diego Castro",NA,"-41.1194697447,-72.4174663744",-41.1194697447,-72.4174663744,"https://static.inaturalist.org/photos/231052891/original.jpg","jpeg","https://www.inaturalist.org/observations/135467139"
"iNaturalist","image","134454957","Lontra provocax","2022-09-10","06:30","Octavio Atenas",NA,NA,NA,NA,"https://static.inaturalist.org/photos/229181974/original.jpeg","jpeg","https://www.inaturalist.org/observations/134454957"
"iNaturalist","image","133861423","Lontra provocax","2022-09-04","17:54","Yerko Lloncon",NA,"-39.4002870425,-72.0676585675",-39.4002870425,-72.0676585675,"https://inaturalist-open-data.s3.amazonaws.com/photos/228077824/original.jpeg","jpeg","https://www.inaturalist.org/observations/133861423"
"iNaturalist","image","133861423","Lontra provocax","2022-09-04","17:54","Yerko Lloncon",NA,"-39.4002870425,-72.0676585675",-39.4002870425,-72.0676585675,"https://inaturalist-open-data.s3.amazonaws.com/photos/228077920/original.jpeg","jpeg","https://www.inaturalist.org/observations/133861423"
"iNaturalist","image","132227358","Lontra provocax","2022-07-30","12:50","Vanessa Durán",NA,"-42.0571152777,-74.0871855044",-42.0571152777,-74.0871855044,"https://static.inaturalist.org/photos/225145363/original.jpg","jpeg","https://www.inaturalist.org/observations/132227358"
"iNaturalist","image","129861389","Lontra provocax","2022-04-10","13:37","No Rights Reserved",NA,"-39.2830133924,-72.8488008781",-39.2830133924,-72.8488008781,"https://inaturalist-open-data.s3.amazonaws.com/photos/220748539/original.jpeg","jpeg","https://www.inaturalist.org/observations/129861389"
"iNaturalist","image","129861389","Lontra provocax","2022-04-10","13:37","No Rights Reserved",NA,"-39.2830133924,-72.8488008781",-39.2830133924,-72.8488008781,"https://inaturalist-open-data.s3.amazonaws.com/photos/220748588/original.jpeg","jpeg","https://www.inaturalist.org/observations/129861389"
"iNaturalist","image","129861389","Lontra provocax","2022-04-10","13:37","No Rights Reserved",NA,"-39.2830133924,-72.8488008781",-39.2830133924,-72.8488008781,"https://inaturalist-open-data.s3.amazonaws.com/photos/220748627/original.jpeg","jpeg","https://www.inaturalist.org/observations/129861389"
"iNaturalist","image","129281787","Lontra provocax","2022-07-30","11:01","Michael Weymann",NA,"-42.028693812,-73.8309370017",-42.028693812,-73.8309370017,"https://static.inaturalist.org/photos/219681535/original.jpeg","jpeg","https://www.inaturalist.org/observations/129281787"
"iNaturalist","image","128731106","Lontra provocax","2022-07-30","13:43","Michael Weymann",NA,"-42.0911881768,-73.8554139355",-42.0911881768,-73.8554139355,"https://static.inaturalist.org/photos/218684765/original.jpg","jpeg","https://www.inaturalist.org/observations/128731106"
"iNaturalist","image","123037700","Lontra provocax","2022-06-22","13:32","Calo Calvo Mac",NA,"-39.0248770655,-73.1056463758",-39.0248770655,-73.1056463758,"https://inaturalist-open-data.s3.amazonaws.com/photos/208392871/original.jpg","jpeg","https://www.inaturalist.org/observations/123037700"
"iNaturalist","image","121643895","Lontra provocax","2022-06-10","17:10","Cespadinio",NA,"-39.0157150958,-73.1157633591",-39.0157150958,-73.1157633591,"https://static.inaturalist.org/photos/205867328/original.jpeg","jpeg","https://www.inaturalist.org/observations/121643895"
"iNaturalist","image","121643895","Lontra provocax","2022-06-10","17:10","Cespadinio",NA,"-39.0157150958,-73.1157633591",-39.0157150958,-73.1157633591,"https://static.inaturalist.org/photos/205867386/original.jpeg","jpeg","https://www.inaturalist.org/observations/121643895"
"iNaturalist","image","110243895","Lontra provocax","2022-03-17","15:31","Daniel Torres",NA,"-46.7295369915,-74.0230053015",-46.7295369915,-74.0230053015,"https://static.inaturalist.org/photos/185939824/original.jpeg","jpeg","https://www.inaturalist.org/observations/110243895"
"iNaturalist","image","110243895","Lontra provocax","2022-03-17","15:31","Daniel Torres",NA,"-46.7295369915,-74.0230053015",-46.7295369915,-74.0230053015,"https://static.inaturalist.org/photos/185939906/original.jpeg","jpeg","https://www.inaturalist.org/observations/110243895"
"iNaturalist","image","110243895","Lontra provocax","2022-03-17","15:31","Daniel Torres",NA,"-46.7295369915,-74.0230053015",-46.7295369915,-74.0230053015,"https://static.inaturalist.org/photos/185939980/original.jpeg","jpeg","https://www.inaturalist.org/observations/110243895"
"iNaturalist","image","110243895","Lontra provocax","2022-03-17","15:31","Daniel Torres",NA,"-46.7295369915,-74.0230053015",-46.7295369915,-74.0230053015,"https://static.inaturalist.org/photos/185940107/original.jpeg","jpeg","https://www.inaturalist.org/observations/110243895"
"iNaturalist","image","108336074","Lontra provocax","2022-03-10","09:59","Pablo Silva",NA,"-39.6669640108,-73.1417438959",-39.6669640108,-73.1417438959,"https://inaturalist-open-data.s3.amazonaws.com/photos/182381483/original.jpeg","jpeg","https://www.inaturalist.org/observations/108336074"
"iNaturalist","image","108185339","Lontra provocax","2022-03-08","14:50","Yerko Lloncon",NA,NA,NA,NA,"https://inaturalist-open-data.s3.amazonaws.com/photos/182103041/original.jpeg","jpeg","https://www.inaturalist.org/observations/108185339"
"iNaturalist","image","108185339","Lontra provocax","2022-03-08","14:50","Yerko Lloncon",NA,NA,NA,NA,"https://inaturalist-open-data.s3.amazonaws.com/photos/182103052/original.jpeg","jpeg","https://www.inaturalist.org/observations/108185339"
"iNaturalist","image","108185339","Lontra provocax","2022-03-08","14:50","Yerko Lloncon",NA,NA,NA,NA,"https://inaturalist-open-data.s3.amazonaws.com/photos/182103061/original.jpeg","jpeg","https://www.inaturalist.org/observations/108185339"
"iNaturalist","image","107840865","Lontra provocax","2022-02-27","14:31","Nodora L. Moyano",NA,"-42.0843486853,-73.9986110402",-42.0843486853,-73.9986110402,"https://inaturalist-open-data.s3.amazonaws.com/photos/181453470/original.jpg","jpeg","https://www.inaturalist.org/observations/107840865"
"iNaturalist","image","107840865","Lontra provocax","2022-02-27","14:31","Nodora L. Moyano",NA,"-42.0843486853,-73.9986110402",-42.0843486853,-73.9986110402,"https://inaturalist-open-data.s3.amazonaws.com/photos/181453491/original.jpg","jpeg","https://www.inaturalist.org/observations/107840865"
"iNaturalist","image","107840865","Lontra provocax","2022-02-27","14:31","Nodora L. Moyano",NA,"-42.0843486853,-73.9986110402",-42.0843486853,-73.9986110402,"https://inaturalist-open-data.s3.amazonaws.com/photos/181453515/original.jpg","jpeg","https://www.inaturalist.org/observations/107840865"
"iNaturalist","image","106634008","Lontra provocax","2022-01-04","21:33","Miguel Otárola Pino",NA,"-42.7142271861,-74.0030970383",-42.7142271861,-74.0030970383,"https://static.inaturalist.org/photos/179170526/original.jpeg","jpeg","https://www.inaturalist.org/observations/106634008"
"iNaturalist","image","106634008","Lontra provocax","2022-01-04","21:33","Miguel Otárola Pino",NA,"-42.7142271861,-74.0030970383",-42.7142271861,-74.0030970383,"https://static.inaturalist.org/photos/179170539/original.jpeg","jpeg","https://www.inaturalist.org/observations/106634008"
"iNaturalist","image","106634008","Lontra provocax","2022-01-04","21:33","Miguel Otárola Pino",NA,"-42.7142271861,-74.0030970383",-42.7142271861,-74.0030970383,"https://static.inaturalist.org/photos/179170558/original.jpeg","jpeg","https://www.inaturalist.org/observations/106634008"
"iNaturalist","image","105153863","Lontra provocax","2022-01-17","07:06","Francisco Castro Carmona",NA,"-41.0591782442,-72.4336970861",-41.0591782442,-72.4336970861,"https://inaturalist-open-data.s3.amazonaws.com/photos/176368226/original.jpg","jpeg","https://www.inaturalist.org/observations/105153863"
"iNaturalist","image","105153863","Lontra provocax","2022-01-17","07:06","Francisco Castro Carmona",NA,"-41.0591782442,-72.4336970861",-41.0591782442,-72.4336970861,"https://inaturalist-open-data.s3.amazonaws.com/photos/176368760/original.jpg","jpeg","https://www.inaturalist.org/observations/105153863"
"iNaturalist","image","105153863","Lontra provocax","2022-01-17","07:06","Francisco Castro Carmona",NA,"-41.0591782442,-72.4336970861",-41.0591782442,-72.4336970861,"https://inaturalist-open-data.s3.amazonaws.com/photos/176368772/original.jpg","jpeg","https://www.inaturalist.org/observations/105153863"
"iNaturalist","image","104812407","Lontra provocax","2022-01-06","14:58","Guisella Paredes",NA,"-41.1492308045,-72.2102211121",-41.1492308045,-72.2102211121,"https://static.inaturalist.org/photos/175710068/original.jpeg","jpeg","https://www.inaturalist.org/observations/104812407"
"iNaturalist","image","103746277","Lontra provocax",NA,NA,"Vavello",NA,"-41.7310032008,-72.0417493717",-41.7310032008,-72.0417493717,"https://inaturalist-open-data.s3.amazonaws.com/photos/173710667/original.jpg","jpeg","https://www.inaturalist.org/observations/103746277"
"iNaturalist","image","102243805","Lontra provocax","2020-02-05","06:09","Jens Bokelaar",NA,"-42.0249119935,-73.9416399923",-42.0249119935,-73.9416399923,"https://inaturalist-open-data.s3.amazonaws.com/photos/170871031/original.jpg","jpeg","https://www.inaturalist.org/observations/102243805"
"iNaturalist","image","100853663","Lontra provocax","2021-11-11","11:44","Nicolás Enríquez",NA,"-39.9463292986,-73.288222881",-39.9463292986,-73.288222881,"https://inaturalist-open-data.s3.amazonaws.com/photos/168372188/original.jpeg","jpeg","https://www.inaturalist.org/observations/100853663"
"iNaturalist","image","100853663","Lontra provocax","2021-11-11","11:44","Nicolás Enríquez",NA,"-39.9463292986,-73.288222881",-39.9463292986,-73.288222881,"https://inaturalist-open-data.s3.amazonaws.com/photos/168372195/original.jpeg","jpeg","https://www.inaturalist.org/observations/100853663"
"iNaturalist","image","89175700","Lontra provocax","2021-07-28","19:24","Yerko Lloncon",NA,"-39.5148543648,-72.1350885866",-39.5148543648,-72.1350885866,"https://inaturalist-open-data.s3.amazonaws.com/photos/147234379/original.jpeg","jpeg","https://www.inaturalist.org/observations/89175700"
"iNaturalist","image","89175700","Lontra provocax","2021-07-28","19:24","Yerko Lloncon",NA,"-39.5148543648,-72.1350885866",-39.5148543648,-72.1350885866,"https://inaturalist-open-data.s3.amazonaws.com/photos/147234405/original.jpeg","jpeg","https://www.inaturalist.org/observations/89175700"
"iNaturalist","image","88643408","Lontra provocax","2021-07-25","10:44","Pablo Silva",NA,"-40.312491361,-73.0119060248",-40.312491361,-73.0119060248,"https://inaturalist-open-data.s3.amazonaws.com/photos/146280594/original.jpeg","jpeg","https://www.inaturalist.org/observations/88643408"
"iNaturalist","image","87910012","Lontra provocax",NA,NA,"Cyberbird-Proxy",NA,"-53.1443066562,-72.8461956015",-53.1443066562,-72.8461956015,"https://inaturalist-open-data.s3.amazonaws.com/photos/144986533/original.jpeg","jpeg","https://www.inaturalist.org/observations/87910012"
"iNaturalist","image","87910012","Lontra provocax",NA,NA,"Cyberbird-Proxy",NA,"-53.1443066562,-72.8461956015",-53.1443066562,-72.8461956015,"https://inaturalist-open-data.s3.amazonaws.com/photos/144986549/original.jpeg","jpeg","https://www.inaturalist.org/observations/87910012"
"iNaturalist","image","87910012","Lontra provocax",NA,NA,"Cyberbird-Proxy",NA,"-53.1443066562,-72.8461956015",-53.1443066562,-72.8461956015,"https://inaturalist-open-data.s3.amazonaws.com/photos/144986556/original.jpeg","jpeg","https://www.inaturalist.org/observations/87910012"
"iNaturalist","image","87910012","Lontra provocax",NA,NA,"Cyberbird-Proxy",NA,"-53.1443066562,-72.8461956015",-53.1443066562,-72.8461956015,"https://inaturalist-open-data.s3.amazonaws.com/photos/144986567/original.jpeg","jpeg","https://www.inaturalist.org/observations/87910012"
"iNaturalist","image","87910012","Lontra provocax",NA,NA,"Cyberbird-Proxy",NA,"-53.1443066562,-72.8461956015",-53.1443066562,-72.8461956015,"https://inaturalist-open-data.s3.amazonaws.com/photos/144986575/original.jpeg","jpeg","https://www.inaturalist.org/observations/87910012"
"iNaturalist","image","87910012","Lontra provocax",NA,NA,"Cyberbird-Proxy",NA,"-53.1443066562,-72.8461956015",-53.1443066562,-72.8461956015,"https://inaturalist-open-data.s3.amazonaws.com/photos/144986587/original.jpeg","jpeg","https://www.inaturalist.org/observations/87910012"
"iNaturalist","image","87910012","Lontra provocax",NA,NA,"Cyberbird-Proxy",NA,"-53.1443066562,-72.8461956015",-53.1443066562,-72.8461956015,"https://inaturalist-open-data.s3.amazonaws.com/photos/144986603/original.jpeg","jpeg","https://www.inaturalist.org/observations/87910012"
"iNaturalist","image","87910012","Lontra provocax",NA,NA,"Cyberbird-Proxy",NA,"-53.1443066562,-72.8461956015",-53.1443066562,-72.8461956015,"https://inaturalist-open-data.s3.amazonaws.com/photos/144986614/original.jpeg","jpeg","https://www.inaturalist.org/observations/87910012"
"iNaturalist","image","87910012","Lontra provocax",NA,NA,"Cyberbird-Proxy",NA,"-53.1443066562,-72.8461956015",-53.1443066562,-72.8461956015,"https://inaturalist-open-data.s3.amazonaws.com/photos/144986625/original.jpeg","jpeg","https://www.inaturalist.org/observations/87910012"
"iNaturalist","image","87910012","Lontra provocax",NA,NA,"Cyberbird-Proxy",NA,"-53.1443066562,-72.8461956015",-53.1443066562,-72.8461956015,"https://inaturalist-open-data.s3.amazonaws.com/photos/144986642/original.jpeg","jpeg","https://www.inaturalist.org/observations/87910012"
"iNaturalist","image","77843766","Lontra provocax","2021-02-20","12:29","Yerko Lloncon",NA,"-39.4003124397,-72.1594136876",-39.4003124397,-72.1594136876,"https://inaturalist-open-data.s3.amazonaws.com/photos/127339481/original.jpeg","jpeg","https://www.inaturalist.org/observations/77843766"
"iNaturalist","image","77843030","Lontra provocax","2021-02-03","16:42","Yerko Lloncon",NA,"-39.8294884546,-72.1001911047",-39.8294884546,-72.1001911047,"https://inaturalist-open-data.s3.amazonaws.com/photos/127339268/original.jpeg","jpeg","https://www.inaturalist.org/observations/77843030"
"iNaturalist","image","77843030","Lontra provocax","2021-02-03","16:42","Yerko Lloncon",NA,"-39.8294884546,-72.1001911047",-39.8294884546,-72.1001911047,"https://inaturalist-open-data.s3.amazonaws.com/photos/127339376/original.jpeg","jpeg","https://www.inaturalist.org/observations/77843030"
"iNaturalist","image","68705703","Lontra provocax","2020-09-08","18:30","Robreque",NA,"-39.9121525457,-73.2163393055",-39.9121525457,-73.2163393055,"https://inaturalist-open-data.s3.amazonaws.com/photos/111319206/original.jpg","jpeg","https://www.inaturalist.org/observations/68705703"
"iNaturalist","image","68624123","Lontra provocax","2021-01-25","04:10","Víctor Vidal Echeverría",NA,"-39.370988491,-72.4268248975",-39.370988491,-72.4268248975,"https://inaturalist-open-data.s3.amazonaws.com/photos/111168175/original.jpeg","jpeg","https://www.inaturalist.org/observations/68624123"
"iNaturalist","image","68027744","Lontra provocax",NA,NA,"Pcontrerasbravo",NA,"-39.6209846375,-73.0838641725",-39.6209846375,-73.0838641725,"https://inaturalist-open-data.s3.amazonaws.com/photos/191329706/original.jpeg","jpeg","https://www.inaturalist.org/observations/68027744"
"iNaturalist","image","65432045","Lontra provocax","2020-09-06","20:02","Yerko Lloncon",NA,"-39.4218571733,-72.1675663239",-39.4218571733,-72.1675663239,"https://inaturalist-open-data.s3.amazonaws.com/photos/105314347/original.jpeg","jpeg","https://www.inaturalist.org/observations/65432045"
"iNaturalist","image","65432045","Lontra provocax","2020-09-06","20:02","Yerko Lloncon",NA,"-39.4218571733,-72.1675663239",-39.4218571733,-72.1675663239,"https://inaturalist-open-data.s3.amazonaws.com/photos/105314370/original.jpeg","jpeg","https://www.inaturalist.org/observations/65432045"
"iNaturalist","image","62977262","Lontra provocax","2020-07-20","13:32","Pazaustral",NA,"-47.8751027449,-75.0020136097",-47.8751027449,-75.0020136097,"https://inaturalist-open-data.s3.amazonaws.com/photos/100997529/original.jpeg","jpeg","https://www.inaturalist.org/observations/62977262"
"iNaturalist","image","62977262","Lontra provocax","2020-07-20","13:32","Pazaustral",NA,"-47.8751027449,-75.0020136097",-47.8751027449,-75.0020136097,"https://inaturalist-open-data.s3.amazonaws.com/photos/101554989/original.jpg","jpeg","https://www.inaturalist.org/observations/62977262"
"iNaturalist","image","61418089","Lontra provocax","2020-10-01","16:30","Pcontrerasbravo",NA,"-39.9052788014,-72.3410315277",-39.9052788014,-72.3410315277,"https://inaturalist-open-data.s3.amazonaws.com/photos/341759795/original.jpg","jpeg","https://www.inaturalist.org/observations/61418089"
"iNaturalist","image","57606914","Lontra provocax","2011-09-25","11:47","Matiasg",NA,"-40.1099874904,-72.2950820284",-40.1099874904,-72.2950820284,"https://inaturalist-open-data.s3.amazonaws.com/photos/91903637/original.jpg","jpeg","https://www.inaturalist.org/observations/57606914"
"iNaturalist","image","57606914","Lontra provocax","2011-09-25","11:47","Matiasg",NA,"-40.1099874904,-72.2950820284",-40.1099874904,-72.2950820284,"https://inaturalist-open-data.s3.amazonaws.com/photos/91903628/original.jpg","jpeg","https://www.inaturalist.org/observations/57606914"
"iNaturalist","image","56646599","Lontra provocax","2018-02-22","13:09","Flavio Camus",NA,"-42.166928103,-73.8545190343",-42.166928103,-73.8545190343,"https://inaturalist-open-data.s3.amazonaws.com/photos/90285379/original.jpeg","jpeg","https://www.inaturalist.org/observations/56646599"
"iNaturalist","image","54325478","Lontra provocax","2018-09-11","12:01","Daniel Torres",NA,"-46.7959113357,-74.1814202433",-46.7959113357,-74.1814202433,"https://static.inaturalist.org/photos/86435295/original.jpeg","jpeg","https://www.inaturalist.org/observations/54325478"
"iNaturalist","image","54325478","Lontra provocax","2018-09-11","12:01","Daniel Torres",NA,"-46.7959113357,-74.1814202433",-46.7959113357,-74.1814202433,"https://static.inaturalist.org/photos/86435320/original.jpeg","jpeg","https://www.inaturalist.org/observations/54325478"
"iNaturalist","image","54325478","Lontra provocax","2018-09-11","12:01","Daniel Torres",NA,"-46.7959113357,-74.1814202433",-46.7959113357,-74.1814202433,"https://static.inaturalist.org/photos/86435255/original.jpeg","jpeg","https://www.inaturalist.org/observations/54325478"
"iNaturalist","image","54325478","Lontra provocax","2018-09-11","12:01","Daniel Torres",NA,"-46.7959113357,-74.1814202433",-46.7959113357,-74.1814202433,"https://static.inaturalist.org/photos/86435270/original.jpeg","jpeg","https://www.inaturalist.org/observations/54325478"
"iNaturalist","image","54325478","Lontra provocax","2018-09-11","12:01","Daniel Torres",NA,"-46.7959113357,-74.1814202433",-46.7959113357,-74.1814202433,"https://static.inaturalist.org/photos/86435218/original.jpeg","jpeg","https://www.inaturalist.org/observations/54325478"
"iNaturalist","image","54325478","Lontra provocax","2018-09-11","12:01","Daniel Torres",NA,"-46.7959113357,-74.1814202433",-46.7959113357,-74.1814202433,"https://static.inaturalist.org/photos/86435236/original.jpeg","jpeg","https://www.inaturalist.org/observations/54325478"
"iNaturalist","image","54325478","Lontra provocax","2018-09-11","12:01","Daniel Torres",NA,"-46.7959113357,-74.1814202433",-46.7959113357,-74.1814202433,"https://static.inaturalist.org/photos/86435204/original.jpeg","jpeg","https://www.inaturalist.org/observations/54325478"
"iNaturalist","image","54325478","Lontra provocax","2018-09-11","12:01","Daniel Torres",NA,"-46.7959113357,-74.1814202433",-46.7959113357,-74.1814202433,"https://static.inaturalist.org/photos/86435166/original.jpeg","jpeg","https://www.inaturalist.org/observations/54325478"
"iNaturalist","image","54325478","Lontra provocax","2018-09-11","12:01","Daniel Torres",NA,"-46.7959113357,-74.1814202433",-46.7959113357,-74.1814202433,"https://static.inaturalist.org/photos/86435189/original.jpeg","jpeg","https://www.inaturalist.org/observations/54325478"
"iNaturalist","image","54325478","Lontra provocax","2018-09-11","12:01","Daniel Torres",NA,"-46.7959113357,-74.1814202433",-46.7959113357,-74.1814202433,"https://static.inaturalist.org/photos/86435150/original.jpeg","jpeg","https://www.inaturalist.org/observations/54325478"
"iNaturalist","image","53447526","Lontra provocax",NA,NA,"Rodrigo Silva c",NA,"-42.0157668538,-73.9986299636",-42.0157668538,-73.9986299636,"https://inaturalist-open-data.s3.amazonaws.com/photos/85009529/original.jpg","jpeg","https://www.inaturalist.org/observations/53447526"
"iNaturalist","image","53434907","Lontra provocax",NA,NA,"Rodrigo Silva c",NA,"-42.0540753439,-73.8441736561",-42.0540753439,-73.8441736561,"https://inaturalist-open-data.s3.amazonaws.com/photos/84987560/original.jpg","jpeg","https://www.inaturalist.org/observations/53434907"
"iNaturalist","image","51992432","Lontra provocax",NA,NA,"Javier Gross",NA,"-42.1995276578,-74.0752103285",-42.1995276578,-74.0752103285,"https://inaturalist-open-data.s3.amazonaws.com/photos/82632533/original.jpg","jpeg","https://www.inaturalist.org/observations/51992432"
"iNaturalist","image","50606534","Lontra provocax",NA,NA,"Fernando Tellez",NA,"-41.4786190308,-73.3109648331",-41.4786190308,-73.3109648331,"https://static.inaturalist.org/photos/80381573/original.jpg","jpeg","https://www.inaturalist.org/observations/50606534"
"iNaturalist","image","50606534","Lontra provocax",NA,NA,"Fernando Tellez",NA,"-41.4786190308,-73.3109648331",-41.4786190308,-73.3109648331,"https://static.inaturalist.org/photos/80361752/original.jpg","jpeg","https://www.inaturalist.org/observations/50606534"
"iNaturalist","image","50606534","Lontra provocax",NA,NA,"Fernando Tellez",NA,"-41.4786190308,-73.3109648331",-41.4786190308,-73.3109648331,"https://static.inaturalist.org/photos/80381560/original.jpg","jpeg","https://www.inaturalist.org/observations/50606534"
"iNaturalist","image","50606534","Lontra provocax",NA,NA,"Fernando Tellez",NA,"-41.4786190308,-73.3109648331",-41.4786190308,-73.3109648331,"https://static.inaturalist.org/photos/80381578/original.jpg","jpeg","https://www.inaturalist.org/observations/50606534"
"iNaturalist","image","50606534","Lontra provocax",NA,NA,"Fernando Tellez",NA,"-41.4786190308,-73.3109648331",-41.4786190308,-73.3109648331,"https://static.inaturalist.org/photos/80381580/original.jpg","jpeg","https://www.inaturalist.org/observations/50606534"
"iNaturalist","image","49803669","Lontra provocax","2020-06-13","16:31","Matiasg",NA,"-42.7818969395,-73.7421178232",-42.7818969395,-73.7421178232,"https://inaturalist-open-data.s3.amazonaws.com/photos/79071353/original.jpg","jpeg","https://www.inaturalist.org/observations/49803669"
"iNaturalist","image","47772076","Lontra provocax","2020-05-27","12:34","Verónica Lyon",NA,"-39.8442441102,-73.2378830378",-39.8442441102,-73.2378830378,"https://static.inaturalist.org/photos/184694679/original.jpeg","jpeg","https://www.inaturalist.org/observations/47772076"
"iNaturalist","image","46275239","Lontra provocax","2018-07-12","12:11","Camila Diaz",NA,"-39.9766950654,-72.9707693147",-39.9766950654,-72.9707693147,"https://inaturalist-open-data.s3.amazonaws.com/photos/73353836/original.jpg","jpeg","https://www.inaturalist.org/observations/46275239"
"iNaturalist","image","46184441","Lontra provocax","2020-03-13","02:20","Henrik Kibak",NA,"-54.868918163,-64.5407299618",-54.868918163,-64.5407299618,"https://inaturalist-open-data.s3.amazonaws.com/photos/73250025/original.jpeg","jpeg","https://www.inaturalist.org/observations/46184441"
"iNaturalist","image","46184441","Lontra provocax","2020-03-13","02:20","Henrik Kibak",NA,"-54.868918163,-64.5407299618",-54.868918163,-64.5407299618,"https://inaturalist-open-data.s3.amazonaws.com/photos/73250032/original.jpeg","jpeg","https://www.inaturalist.org/observations/46184441"
"iNaturalist","image","46184441","Lontra provocax","2020-03-13","02:20","Henrik Kibak",NA,"-54.868918163,-64.5407299618",-54.868918163,-64.5407299618,"https://inaturalist-open-data.s3.amazonaws.com/photos/73250117/original.jpeg","jpeg","https://www.inaturalist.org/observations/46184441"
"iNaturalist","image","46184441","Lontra provocax","2020-03-13","02:20","Henrik Kibak",NA,"-54.868918163,-64.5407299618",-54.868918163,-64.5407299618,"https://inaturalist-open-data.s3.amazonaws.com/photos/73250832/original.jpg","jpeg","https://www.inaturalist.org/observations/46184441"
"iNaturalist","image","42307084","Lontra provocax","2020-01-28","09:05","Hchavez",NA,"-39.4980124698,-72.1468856424",-39.4980124698,-72.1468856424,"https://inaturalist-open-data.s3.amazonaws.com/photos/67170827/original.jpeg","jpeg","https://www.inaturalist.org/observations/42307084"
"iNaturalist","image","36887280","Lontra provocax",NA,NA,"Matiasg",NA,"-42.069788817,-73.8447888926",-42.069788817,-73.8447888926,"https://inaturalist-open-data.s3.amazonaws.com/photos/58384600/original.jpg","jpeg","https://www.inaturalist.org/observations/36887280"
"iNaturalist","image","33409036","Lontra provocax","2018-02-10","08:32","Vicente Valdes Guzman",NA,"-42.1134037934,-74.1988545883",-42.1134037934,-74.1988545883,"https://inaturalist-open-data.s3.amazonaws.com/photos/52470231/original.jpg","jpeg","https://www.inaturalist.org/observations/33409036"
"iNaturalist","image","33311049","Lontra provocax","2019-09-20","10:45","Gabicontrerasb",NA,"-42.1889852065,-74.0437911815",-42.1889852065,-74.0437911815,"https://inaturalist-open-data.s3.amazonaws.com/photos/52311416/original.jpg","jpeg","https://www.inaturalist.org/observations/33311049"
"iNaturalist","image","28996391","Lontra provocax",NA,NA,"Ulises Balza",NA,"-54.9900885592,-64.7107215019",-54.9900885592,-64.7107215019,"https://inaturalist-open-data.s3.amazonaws.com/photos/45231806/original.jpeg","jpeg","https://www.inaturalist.org/observations/28996391"
"iNaturalist","image","26710264","Lontra provocax","2019-06-09","12:44","Matías Bravo Lara",NA,"-39.8672829649,-73.3161554999",-39.8672829649,-73.3161554999,"https://static.inaturalist.org/photos/41489581/original.jpeg","jpeg","https://www.inaturalist.org/observations/26710264"
"iNaturalist","image","26204425","Lontra provocax","2019-05-31","10:28","Calo Calvo Mac",NA,"-39.1225814317,-72.9233057492",-39.1225814317,-72.9233057492,"https://inaturalist-open-data.s3.amazonaws.com/photos/40668470/original.jpg","jpeg","https://www.inaturalist.org/observations/26204425"
"iNaturalist","image","26204050","Lontra provocax","2019-05-31","13:51","Calo Calvo Mac",NA,"-39.3610007127,-72.886924328",-39.3610007127,-72.886924328,"https://inaturalist-open-data.s3.amazonaws.com/photos/40667796/original.jpg","jpeg","https://www.inaturalist.org/observations/26204050"
"iNaturalist","image","24629526","Lontra provocax",NA,NA,"Eminte",NA,"-42.5341851323,-72.471074046",-42.5341851323,-72.471074046,"https://inaturalist-open-data.s3.amazonaws.com/photos/38082946/original.jpg","jpeg","https://www.inaturalist.org/observations/24629526"
"iNaturalist","image","16734587","Lontra provocax","2013-03-10","19:51","Sarah and Fernando",NA,"-42.6211429712,-74.0605194482",-42.6211429712,-74.0605194482,"https://inaturalist-open-data.s3.amazonaws.com/photos/25252822/original.jpg","jpeg","https://www.inaturalist.org/observations/16734587"
"iNaturalist","image","8910152","Lontra provocax","2017-01-17","07:56","Kevin Schafer",NA,"-42.0678269445,-73.8163225505",-42.0678269445,-73.8163225505,"https://inaturalist-open-data.s3.amazonaws.com/photos/11993574/original.jpg","jpeg","https://www.inaturalist.org/observations/8910152"
"iNaturalist","image","8910150","Lontra provocax","2017-01-17","04:54","Kevin Schafer",NA,"-42.100761036,-73.9585120266",-42.100761036,-73.9585120266,"https://inaturalist-open-data.s3.amazonaws.com/photos/11993570/original.jpg","jpeg","https://www.inaturalist.org/observations/8910150"
"iNaturalist","image","8477404","Lontra provocax","2013-02-19","10:26","Paul Tavares",NA,"-42.028055085,-73.9850251786",-42.028055085,-73.9850251786,"https://inaturalist-open-data.s3.amazonaws.com/photos/11304054/original.jpg","jpeg","https://www.inaturalist.org/observations/8477404"
"iNaturalist","image","7669373","Lontra provocax","2017-08-27","01:36","El Gurkha",NA,"-43.2078809894,-74.0855536675",-43.2078809894,-74.0855536675,"https://inaturalist-open-data.s3.amazonaws.com/photos/10042343/original.jpeg","jpeg","https://www.inaturalist.org/observations/7669373"
"iNaturalist","image","7538641","Lontra provocax","2017-03-07","12:37","Pfaucher",NA,"-42.1636193289,-73.9232590638",-42.1636193289,-73.9232590638,"https://inaturalist-open-data.s3.amazonaws.com/photos/9834640/original.jpg","jpeg","https://www.inaturalist.org/observations/7538641"
